{
  "algorithm": "hnsw",
  "parameters": {
    "metric": "l2",
    "indexer": {
      "name": "HNSWIndexer",
      "type": "HNSWIndexer",
      "metric": "l2",
      "params": {
        "M": 16,
        "efConstruction": 200,
        "efSearch": 100
      }
    },
    "searcher": {
      "name": "FaissSearcher",
      "type": "FaissSearcher",
      "metric": "l2",
      "params": {
        "nprobe": 10
      }
    }
  },
  "dataset": "random",
  "n_train": 5000,
  "n_test": 256,
  "dimensions": 64,
  "topk": 20,
  "build_time_s": 0.04808855056762695,
  "index_memory_mb": 1.220703125,
  "qps": 165013.34316889502,
  "mean_query_time_ms": 0.006060115993022919,
  "total_query_time_s": 0.0015513896942138672,
  "timestamp": "2025-11-08T09:34:31.062349",
  "recall@1": 0.9921875,
  "precision@1": 1.0,
  "recall@10": 0.98359375,
  "precision@10": 1.0,
  "map@10": 0.05000000000000001,
  "mean_query_time": 0.006060115993022919,
  "median_query_time": 0.006060115993022919,
  "min_query_time": 0.005206093192100525,
  "max_query_time": 0.0069141387939453125,
  "recall": 0.98359375
}