{
  "algorithm": "hnsw",
  "parameters": {
    "metric": "l2",
    "indexer": {
      "name": "HNSWIndexer",
      "type": "HNSWIndexer",
      "metric": "l2",
      "params": {
        "M": 16,
        "efConstruction": 200,
        "efSearch": 100
      }
    },
    "searcher": {
      "name": "FaissSearcher",
      "type": "FaissSearcher",
      "metric": "l2",
      "params": {
        "nprobe": 10
      }
    }
  },
  "dataset": "glove50",
  "n_train": 20000,
  "n_test": 256,
  "dimensions": 50,
  "topk": 20,
  "build_time_s": 0.5828516483306885,
  "index_memory_mb": 6.256103515625,
  "qps": 5477.6597728826355,
  "mean_query_time_ms": 0.18255971372127533,
  "total_query_time_s": 0.046735286712646484,
  "timestamp": "2025-11-28T18:15:52.014102",
  "recall@1": 0.984375,
  "precision@1": 1.0,
  "recall@10": 0.973828125,
  "precision@10": 1.0,
  "map@10": 0.05000000000000001,
  "mean_query_time": 0.18255971372127533,
  "median_query_time": 0.18255971372127533,
  "min_query_time": 0.17447583377361298,
  "max_query_time": 0.19064359366893768,
  "recall": 0.973828125
}