{
  "algorithm": "covertree_v2_2",
  "parameters": {
    "metric": "l2"
  },
  "dataset": "random",
  "n_train": 20000,
  "n_test": 256,
  "dimensions": 64,
  "topk": 20,
  "build_time_s": 257.4959075450897,
  "index_memory_mb": 5.4932861328125,
  "qps": 47.5103554115802,
  "mean_query_time_ms": 21.04804292321205,
  "total_query_time_s": 5.388298988342285,
  "index_load_time_s": 0.0,
  "index_source": "built",
  "persistence_mode": null,
  "persist_dir": null,
  "dataset_fingerprint": null,
  "config_hash": null,
  "timestamp": "2026-03-20T11:58:09.177637",
  "base_algorithm": "covertree_v2_2",
  "tradeoff_variant_id": "base",
  "tradeoff_params": {},
  "is_tradeoff_variant": false,
  "recall@1": 1.0,
  "precision@1": 1.0,
  "recall@10": 1.0,
  "precision@10": 1.0,
  "map@10": 0.05000000000000001,
  "mean_query_time": 21.04804292321205,
  "median_query_time": 21.04804292321205,
  "min_query_time": 20.606597885489464,
  "max_query_time": 21.48948796093464,
  "recall": 1.0
}