{
  "algorithm": "covertree",
  "parameters": {
    "metric": "l2",
    "candidate_pool_size": 256,
    "max_visit_nodes": 4096,
    "visit_multiplier": 16
  },
  "dataset": "random",
  "n_train": 20000,
  "n_test": 256,
  "dimensions": 64,
  "topk": 20,
  "build_time_s": 1175.615700006485,
  "index_memory_mb": 4.8828125,
  "qps": 15.162286117645438,
  "mean_query_time_ms": 65.95311500132084,
  "total_query_time_s": 16.883997440338135,
  "timestamp": "2025-11-13T08:57:02.578090",
  "recall@1": 0.2578125,
  "precision@1": 1.0,
  "recall@10": 0.29023437500000004,
  "precision@10": 1.0,
  "map@10": 0.05000000000000001,
  "mean_query_time": 65.95311500132084,
  "median_query_time": 65.95311500132084,
  "min_query_time": 65.79636223614216,
  "max_query_time": 66.10986776649952,
  "recall": 0.29023437500000004
}