{
  "algorithm": "hnsw",
  "parameters": {
    "metric": "l2",
    "indexer": {
      "name": "HNSWIndexer",
      "type": "HNSWIndexer",
      "metric": "l2",
      "params": {
        "M": 16,
        "efConstruction": 200,
        "efSearch": 100
      }
    },
    "searcher": {
      "name": "FaissSearcher",
      "type": "FaissSearcher",
      "metric": "l2",
      "params": {
        "nprobe": 10
      }
    }
  },
  "dataset": "random",
  "n_train": 20000,
  "n_test": 256,
  "dimensions": 64,
  "topk": 20,
  "build_time_s": 0.4298741817474365,
  "index_memory_mb": 4.8828125,
  "qps": 10524.094837641016,
  "mean_query_time_ms": 0.09502004832029343,
  "total_query_time_s": 0.024325132369995117,
  "timestamp": "2025-11-13T08:36:47.089273",
  "recall@1": 0.9453125,
  "precision@1": 1.0,
  "recall@10": 0.9156250000000001,
  "precision@10": 1.0,
  "map@10": 0.05000000000000001,
  "mean_query_time": 0.09502004832029343,
  "median_query_time": 0.09502004832029343,
  "min_query_time": 0.005662441253662109,
  "max_query_time": 0.18437765538692474,
  "recall": 0.9156250000000001
}