{
  "algorithm": "lsh",
  "parameters": {
    "metric": "l2",
    "indexer": {
      "name": "LSHIndexer",
      "type": "LSHIndexer",
      "metric": "l2",
      "params": {
        "num_tables": 12,
        "hash_size": 18,
        "bucket_width": 4.0,
        "seed": 42
      }
    },
    "searcher": {
      "name": "LSHSearcher",
      "type": "LSHSearcher",
      "metric": "l2",
      "params": {
        "candidate_multiplier": 8.0,
        "max_candidates": null,
        "fallback_to_bruteforce": true
      }
    }
  },
  "dataset": "random",
  "n_train": 20000,
  "n_test": 256,
  "dimensions": 64,
  "topk": 20,
  "build_time_s": 0.633709192276001,
  "index_memory_mb": 4.8828125,
  "qps": 261.23579742302155,
  "mean_query_time_ms": 3.8279592990875244,
  "total_query_time_s": 0.9799575805664062,
  "timestamp": "2025-11-13T08:57:04.191860",
  "recall@1": 1.0,
  "precision@1": 1.0,
  "recall@10": 1.0,
  "precision@10": 1.0,
  "map@10": 0.05000000000000001,
  "mean_query_time": 3.8279592990875244,
  "median_query_time": 3.8279592990875244,
  "min_query_time": 3.8128774613142014,
  "max_query_time": 3.8430411368608475,
  "recall": 1.0
}