{
  "algorithm": "covertree",
  "parameters": {
    "metric": "l2",
    "candidate_pool_size": 256,
    "max_visit_nodes": 4096,
    "visit_multiplier": 16,
    "candidate_limits_enabled": false
  },
  "dataset": "random",
  "n_train": 20000,
  "n_test": 256,
  "dimensions": 64,
  "topk": 20,
  "build_time_s": 1207.339390039444,
  "index_memory_mb": 5.4932861328125,
  "qps": 8.011223064738637,
  "mean_query_time_ms": 124.8248852789402,
  "total_query_time_s": 31.95517063140869,
  "timestamp": "2025-11-28T16:08:53.777821",
  "recall@1": 1.0,
  "precision@1": 1.0,
  "recall@10": 1.0,
  "precision@10": 1.0,
  "map@10": 0.05000000000000001,
  "mean_query_time": 124.8248852789402,
  "median_query_time": 124.8248852789402,
  "min_query_time": 124.76863339543343,
  "max_query_time": 124.88113716244698,
  "recall": 1.0
}