{
  "algorithm": "covertree_v2",
  "parameters": {
    "metric": "l2"
  },
  "dataset": "random",
  "n_train": 20000,
  "n_test": 256,
  "dimensions": 64,
  "topk": 20,
  "build_time_s": 1205.5475211143494,
  "index_memory_mb": 5.4932861328125,
  "qps": 11.795351579952001,
  "mean_query_time_ms": 84.7791600972414,
  "total_query_time_s": 21.7034649848938,
  "timestamp": "2025-11-28T16:29:21.031592",
  "recall@1": 1.0,
  "precision@1": 1.0,
  "recall@10": 1.0,
  "precision@10": 1.0,
  "map@10": 0.05000000000000001,
  "mean_query_time": 84.7791600972414,
  "median_query_time": 84.7791600972414,
  "min_query_time": 84.65281687676907,
  "max_query_time": 84.90550331771374,
  "recall": 1.0
}