{
  "algorithm": "hnsw",
  "parameters": {
    "metric": "l2",
    "indexer": {
      "name": "HNSWIndexer",
      "type": "HNSWIndexer",
      "metric": "l2",
      "params": {
        "M": 16,
        "efConstruction": 200,
        "efSearch": 100
      }
    },
    "searcher": {
      "name": "FaissSearcher",
      "type": "FaissSearcher",
      "metric": "l2",
      "params": {
        "nprobe": 10
      }
    }
  },
  "dataset": "random",
  "n_train": 20000,
  "n_test": 256,
  "dimensions": 64,
  "topk": 20,
  "build_time_s": 0.8852407932281494,
  "index_memory_mb": 4.57763671875e-05,
  "qps": 11198.925979620146,
  "mean_query_time_ms": 0.08929427713155746,
  "total_query_time_s": 0.02285933494567871,
  "timestamp": "2025-11-28T15:47:10.948753",
  "recall@1": 0.953125,
  "precision@1": 1.0,
  "recall@10": 0.921875,
  "precision@10": 1.0,
  "map@10": 0.05000000000000001,
  "mean_query_time": 0.08929427713155746,
  "median_query_time": 0.08929427713155746,
  "min_query_time": 0.01576356589794159,
  "max_query_time": 0.16282498836517334,
  "recall": 0.921875
}