{
  "algorithm": "covertree",
  "parameters": {
    "metric": "l2",
    "candidate_pool_size": 256,
    "max_visit_nodes": 4096,
    "visit_multiplier": 16
  },
  "dataset": "random",
  "n_train": 5000,
  "n_test": 256,
  "dimensions": 64,
  "topk": 20,
  "build_time_s": 82.69900441169739,
  "index_memory_mb": 1.220703125,
  "qps": 48.70996096913124,
  "mean_query_time_ms": 20.52968181669712,
  "total_query_time_s": 5.255598545074463,
  "timestamp": "2025-11-08T09:49:50.083575",
  "recall@1": 0.46875,
  "precision@1": 1.0,
  "recall@10": 0.49101562500000007,
  "precision@10": 1.0,
  "map@10": 0.05000000000000001,
  "mean_query_time": 20.52968181669712,
  "median_query_time": 20.52968181669712,
  "min_query_time": 20.490752533078194,
  "max_query_time": 20.568611100316048,
  "recall": 0.49101562500000007
}