{
  "algorithm": "hnsw",
  "parameters": {
    "metric": "l2",
    "indexer": {
      "name": "HNSWIndexer",
      "type": "HNSWIndexer",
      "metric": "l2",
      "params": {
        "M": 16,
        "efConstruction": 200,
        "efSearch": 100
      }
    },
    "searcher": {
      "name": "FaissSearcher",
      "type": "FaissSearcher",
      "metric": "l2",
      "params": {
        "nprobe": 10
      }
    }
  },
  "dataset": "random",
  "n_train": 5000,
  "n_test": 256,
  "dimensions": 64,
  "topk": 20,
  "build_time_s": 0.25910282135009766,
  "index_memory_mb": 1.220703125,
  "qps": 6185.718868098442,
  "mean_query_time_ms": 0.16166269779205322,
  "total_query_time_s": 0.041385650634765625,
  "timestamp": "2025-11-08T09:46:11.920332",
  "recall@1": 1.0,
  "precision@1": 1.0,
  "recall@10": 0.982421875,
  "precision@10": 1.0,
  "map@10": 0.05000000000000001,
  "mean_query_time": 0.16166269779205322,
  "median_query_time": 0.16166269779205322,
  "min_query_time": 0.1263599842786789,
  "max_query_time": 0.19696541130542755,
  "recall": 0.982421875
}