{
  "algorithm": "covertree_v2",
  "parameters": {
    "metric": "l2"
  },
  "dataset": "glove50",
  "n_train": 20000,
  "n_test": 256,
  "dimensions": 50,
  "topk": 20,
  "build_time_s": 864.7118811607361,
  "index_memory_mb": 3.814697265625,
  "qps": 11.657986225980322,
  "mean_query_time_ms": 85.77810786664486,
  "total_query_time_s": 21.959195613861084,
  "timestamp": "2025-11-13T08:20:35.793782",
  "recall@1": 1.0,
  "precision@1": 1.0,
  "recall@10": 1.0,
  "precision@10": 1.0,
  "map@10": 0.05000000000000001,
  "mean_query_time": 85.77810786664486,
  "median_query_time": 85.77810786664486,
  "min_query_time": 85.71604266762733,
  "max_query_time": 85.84017306566238,
  "recall": 1.0
}