{
  "algorithm": "hnsw",
  "parameters": {
    "metric": "l2",
    "indexer": {
      "name": "HNSWIndexer",
      "type": "HNSWIndexer",
      "metric": "l2",
      "params": {
        "M": 16,
        "efConstruction": 200,
        "efSearch": 100
      }
    },
    "searcher": {
      "name": "FaissSearcher",
      "type": "FaissSearcher",
      "metric": "l2",
      "params": {
        "nprobe": 10
      }
    }
  },
  "dataset": "glove50",
  "n_train": 20000,
  "n_test": 256,
  "dimensions": 50,
  "topk": 20,
  "build_time_s": 0.16004419326782227,
  "index_memory_mb": 3.814697265625,
  "qps": 216654.9281678773,
  "mean_query_time_ms": 0.0046156346797943115,
  "total_query_time_s": 0.0011816024780273438,
  "timestamp": "2025-11-13T08:05:24.923706",
  "recall@1": 0.97265625,
  "precision@1": 1.0,
  "recall@10": 0.9734375000000001,
  "precision@10": 1.0,
  "map@10": 0.05000000000000001,
  "mean_query_time": 0.0046156346797943115,
  "median_query_time": 0.0046156346797943115,
  "min_query_time": 0.004462897777557373,
  "max_query_time": 0.00476837158203125,
  "recall": 0.9734375000000001
}