{
  "algorithm": "lsh",
  "parameters": {
    "metric": "l2",
    "indexer": {
      "name": "LSHIndexer",
      "type": "LSHIndexer",
      "metric": "l2",
      "params": {
        "num_tables": 12,
        "hash_size": 18,
        "bucket_width": 4.0,
        "seed": 42
      }
    },
    "searcher": {
      "name": "LSHSearcher",
      "type": "LSHSearcher",
      "metric": "l2",
      "params": {
        "candidate_multiplier": 8.0,
        "max_candidates": null,
        "fallback_to_bruteforce": true
      }
    }
  },
  "dataset": "glove50",
  "n_train": 20000,
  "n_test": 256,
  "dimensions": 50,
  "topk": 20,
  "build_time_s": 0.6674089431762695,
  "index_memory_mb": 3.814697265625,
  "qps": 244.32725789117632,
  "mean_query_time_ms": 4.092871211469173,
  "total_query_time_s": 1.0477750301361084,
  "timestamp": "2025-11-13T08:20:37.509103",
  "recall@1": 1.0,
  "precision@1": 1.0,
  "recall@10": 0.99296875,
  "precision@10": 0.99296875,
  "map@10": 0.0496484375,
  "mean_query_time": 4.092871211469173,
  "median_query_time": 4.092871211469173,
  "min_query_time": 4.040958359837532,
  "max_query_time": 4.144784063100815,
  "recall": 0.99296875
}