{
  "algorithm": "covertree_v2_2",
  "parameters": {
    "metric": "l2"
  },
  "dataset": "random",
  "n_train": 20000,
  "n_test": 256,
  "dimensions": 64,
  "topk": 20,
  "build_time_s": 350.2155501842499,
  "index_memory_mb": 5.4932861328125,
  "qps": 30.444529064418816,
  "mean_query_time_ms": 32.84662403166294,
  "total_query_time_s": 8.408735752105713,
  "timestamp": "2025-12-04T18:22:26.033781",
  "recall@1": 1.0,
  "precision@1": 1.0,
  "recall@10": 1.0,
  "precision@10": 1.0,
  "map@10": 0.05000000000000001,
  "mean_query_time": 32.84662403166294,
  "median_query_time": 32.84662403166294,
  "min_query_time": 32.829342409968376,
  "max_query_time": 32.863905653357506,
  "recall": 1.0
}