{
  "algorithm": "covertree",
  "parameters": {
    "metric": "l2",
    "candidate_pool_size": 256,
    "max_visit_nodes": 4096,
    "visit_multiplier": 16,
    "candidate_limits_enabled": false
  },
  "dataset": "random",
  "n_train": 20000,
  "n_test": 256,
  "dimensions": 64,
  "topk": 20,
  "build_time_s": 1198.4513845443726,
  "index_memory_mb": 5.4932861328125,
  "qps": 7.8542871644492225,
  "mean_query_time_ms": 127.31900159269571,
  "total_query_time_s": 32.5936644077301,
  "timestamp": "2025-12-04T17:55:59.653182",
  "recall@1": 1.0,
  "precision@1": 1.0,
  "recall@10": 1.0,
  "precision@10": 1.0,
  "map@10": 0.05000000000000001,
  "mean_query_time": 127.31900159269571,
  "median_query_time": 127.31900159269571,
  "min_query_time": 127.31236405670643,
  "max_query_time": 127.325639128685,
  "recall": 1.0
}