{
  "algorithm": "covertree",
  "parameters": {
    "metric": "l2",
    "candidate_pool_size": 512,
    "max_visit_nodes": 8192,
    "visit_multiplier": 16
  },
  "dataset": "glove50",
  "n_train": 20000,
  "n_test": 256,
  "dimensions": 50,
  "topk": 20,
  "build_time_s": 871.577819108963,
  "index_memory_mb": 3.814697265625,
  "qps": 17.612280830616417,
  "mean_query_time_ms": 56.7785631865263,
  "total_query_time_s": 14.535312175750732,
  "timestamp": "2025-11-08T09:03:53.956226",
  "recall@1": 0.6640625,
  "precision@1": 0.96484375,
  "recall@10": 0.302734375,
  "precision@10": 0.693359375,
  "map@10": 0.03466796875,
  "mean_query_time": 56.7785631865263,
  "median_query_time": 56.7785631865263,
  "min_query_time": 56.73987232148647,
  "max_query_time": 56.817254051566124,
  "recall": 0.302734375
}