{
  "algorithm": "lsh",
  "parameters": {
    "metric": "l2",
    "indexer": {
      "name": "LSHIndexer",
      "type": "LSHIndexer",
      "metric": "l2",
      "params": {
        "num_tables": 12,
        "hash_size": 4,
        "bucket_width": 20.0,
        "seed": 42
      }
    },
    "searcher": {
      "name": "LSHSearcher",
      "type": "LSHSearcher",
      "metric": "l2",
      "params": {
        "candidate_multiplier": 64.0,
        "max_candidates": null,
        "fallback_to_bruteforce": false
      }
    }
  },
  "dataset": "random",
  "n_train": 20000,
  "n_test": 256,
  "dimensions": 64,
  "topk": 20,
  "build_time_s": 0.8459742069244385,
  "index_memory_mb": 7.887748718261719,
  "qps": 199.90628284864573,
  "mean_query_time_ms": 5.002344027161598,
  "total_query_time_s": 1.2806000709533691,
  "timestamp": "2025-11-28T18:15:48.759352",
  "recall@1": 0.34765625,
  "precision@1": 1.0,
  "recall@10": 0.31914062499999996,
  "precision@10": 1.0,
  "map@10": 0.05000000000000001,
  "mean_query_time": 5.002344027161598,
  "median_query_time": 5.002344027161598,
  "min_query_time": 4.863273352384567,
  "max_query_time": 5.141414701938629,
  "recall": 0.31914062499999996
}