{
  "algorithm": "covertree_v2_2",
  "parameters": {
    "metric": "l2"
  },
  "dataset": "glove50",
  "n_train": 20000,
  "n_test": 256,
  "dimensions": 50,
  "topk": 20,
  "build_time_s": 285.691045999527,
  "index_memory_mb": 4.4251708984375,
  "qps": 30.913622291075153,
  "mean_query_time_ms": 32.34819881618023,
  "total_query_time_s": 8.281138896942139,
  "index_load_time_s": 0.0,
  "index_source": "built",
  "persistence_mode": null,
  "persist_dir": null,
  "dataset_fingerprint": null,
  "config_hash": null,
  "timestamp": "2026-03-18T18:40:35.973416",
  "base_algorithm": "covertree_v2_2",
  "tradeoff_variant_id": "base",
  "tradeoff_params": {},
  "is_tradeoff_variant": false,
  "recall@1": 1.0,
  "precision@1": 1.0,
  "recall@10": 1.0,
  "precision@10": 1.0,
  "map@10": 0.05000000000000001,
  "mean_query_time": 32.34819881618023,
  "median_query_time": 32.34819881618023,
  "min_query_time": 32.326873391866684,
  "max_query_time": 32.369524240493774,
  "recall": 1.0
}