{
  "algorithm": "covertree_v2",
  "parameters": {
    "metric": "l2"
  },
  "dataset": "random",
  "n_train": 20000,
  "n_test": 256,
  "dimensions": 64,
  "topk": 20,
  "build_time_s": 1203.6726994514465,
  "index_memory_mb": 4.8828125,
  "qps": 11.790920477363786,
  "mean_query_time_ms": 84.811020642519,
  "total_query_time_s": 21.711621284484863,
  "timestamp": "2025-11-21T13:21:18.517583",
  "recall@1": 1.0,
  "precision@1": 1.0,
  "recall@10": 1.0,
  "precision@10": 1.0,
  "map@10": 0.05000000000000001,
  "mean_query_time": 84.811020642519,
  "median_query_time": 84.811020642519,
  "min_query_time": 84.66875366866589,
  "max_query_time": 84.95328761637211,
  "recall": 1.0
}