{
  "algorithm": "covertree",
  "parameters": {
    "metric": "l2",
    "candidate_pool_size": 256,
    "max_visit_nodes": 4096,
    "visit_multiplier": 16,
    "candidate_limits_enabled": false
  },
  "dataset": "random",
  "n_train": 20000,
  "n_test": 256,
  "dimensions": 64,
  "topk": 20,
  "build_time_s": 1196.7642052173615,
  "index_memory_mb": 4.8828125,
  "qps": 8.011141297478881,
  "mean_query_time_ms": 124.82615932822227,
  "total_query_time_s": 31.955496788024902,
  "timestamp": "2025-11-21T13:00:53.133150",
  "recall@1": 1.0,
  "precision@1": 1.0,
  "recall@10": 1.0,
  "precision@10": 1.0,
  "map@10": 0.05000000000000001,
  "mean_query_time": 124.82615932822227,
  "median_query_time": 124.82615932822227,
  "min_query_time": 124.72941912710667,
  "max_query_time": 124.92289952933788,
  "recall": 1.0
}