{
  "algorithm": "hnsw",
  "parameters": {
    "metric": "l2",
    "indexer": {
      "name": "HNSWIndexer",
      "type": "HNSWIndexer",
      "metric": "l2",
      "params": {
        "M": 16,
        "efConstruction": 200,
        "efSearch": 100
      }
    },
    "searcher": {
      "name": "FaissSearcher",
      "type": "FaissSearcher",
      "metric": "l2",
      "params": {
        "nprobe": 10
      }
    }
  },
  "dataset": "random",
  "n_train": 20000,
  "n_test": 256,
  "dimensions": 64,
  "topk": 20,
  "build_time_s": 1.0751712322235107,
  "index_memory_mb": 4.8828125,
  "qps": 12656.378321035385,
  "mean_query_time_ms": 0.07901154458522797,
  "total_query_time_s": 0.02022695541381836,
  "timestamp": "2025-11-21T12:39:19.893132",
  "recall@1": 0.95703125,
  "precision@1": 1.0,
  "recall@10": 0.9242187500000001,
  "precision@10": 1.0,
  "map@10": 0.05000000000000001,
  "mean_query_time": 0.07901154458522797,
  "median_query_time": 0.07901154458522797,
  "min_query_time": 0.015528872609138489,
  "max_query_time": 0.14249421656131744,
  "recall": 0.9242187500000001
}