{
  "algorithm": "hnsw",
  "parameters": {
    "metric": "l2",
    "indexer": {
      "name": "HNSWIndexer",
      "type": "HNSWIndexer",
      "metric": "l2",
      "params": {
        "M": 16,
        "efConstruction": 200,
        "efSearch": 100
      }
    },
    "searcher": {
      "name": "FaissSearcher",
      "type": "FaissSearcher",
      "metric": "l2",
      "params": {
        "nprobe": 10
      }
    }
  },
  "dataset": "random",
  "n_train": 5000,
  "n_test": 256,
  "dimensions": 64,
  "topk": 20,
  "build_time_s": 0.18847298622131348,
  "index_memory_mb": 1.220703125,
  "qps": 6345.691834901423,
  "mean_query_time_ms": 0.1575872302055359,
  "total_query_time_s": 0.04034233093261719,
  "timestamp": "2025-11-13T08:03:28.751707",
  "recall@1": 0.9921875,
  "precision@1": 1.0,
  "recall@10": 0.9828125000000001,
  "precision@10": 1.0,
  "map@10": 0.05000000000000001,
  "mean_query_time": 0.1575872302055359,
  "median_query_time": 0.1575872302055359,
  "min_query_time": 0.005187466740608215,
  "max_query_time": 0.30998699367046356,
  "recall": 0.9828125000000001
}