{
  "algorithm": "lsh",
  "parameters": {
    "metric": "l2",
    "indexer": {
      "name": "LSHIndexer",
      "type": "LSHIndexer",
      "metric": "l2",
      "params": {
        "num_tables": 12,
        "hash_size": 18,
        "bucket_width": 4.0,
        "seed": 42
      }
    },
    "searcher": {
      "name": "LSHSearcher",
      "type": "LSHSearcher",
      "metric": "l2",
      "params": {
        "candidate_multiplier": 8.0,
        "max_candidates": null,
        "fallback_to_bruteforce": true
      }
    }
  },
  "dataset": "random",
  "n_train": 5000,
  "n_test": 256,
  "dimensions": 64,
  "topk": 20,
  "build_time_s": 0.31665468215942383,
  "index_memory_mb": 1.220703125,
  "qps": 844.7110841885402,
  "mean_query_time_ms": 1.1838367208838463,
  "total_query_time_s": 0.30306220054626465,
  "timestamp": "2025-11-13T08:05:21.798072",
  "recall@1": 1.0,
  "precision@1": 1.0,
  "recall@10": 1.0,
  "precision@10": 1.0,
  "map@10": 0.05000000000000001,
  "mean_query_time": 1.1838367208838463,
  "median_query_time": 1.1838367208838463,
  "min_query_time": 1.1798683553934097,
  "max_query_time": 1.1878050863742828,
  "recall": 1.0
}