{
  "algorithm": "covertree",
  "parameters": {
    "metric": "l2",
    "candidate_pool_size": 256,
    "max_visit_nodes": 4096,
    "visit_multiplier": 16,
    "candidate_limits_enabled": false
  },
  "dataset": "random",
  "n_train": 20000,
  "n_test": 256,
  "dimensions": 64,
  "topk": 20,
  "build_time_s": 1188.9262065887451,
  "index_memory_mb": 4.8828125,
  "qps": 8.797404990334128,
  "mean_query_time_ms": 113.66988345980644,
  "total_query_time_s": 29.09949016571045,
  "timestamp": "2025-11-21T14:18:35.895526",
  "recall@1": 1.0,
  "precision@1": 1.0,
  "recall@10": 1.0,
  "precision@10": 1.0,
  "map@10": 0.05000000000000001,
  "mean_query_time": 113.66988345980644,
  "median_query_time": 113.66988345980644,
  "min_query_time": 113.58341947197914,
  "max_query_time": 113.75634744763374,
  "recall": 1.0
}