{
  "algorithm": "hnsw",
  "parameters": {
    "metric": "l2",
    "indexer": {
      "name": "HNSWIndexer",
      "type": "HNSWIndexer",
      "metric": "l2",
      "params": {
        "M": 16,
        "efConstruction": 200,
        "efSearch": 100
      }
    },
    "searcher": {
      "name": "FaissSearcher",
      "type": "FaissSearcher",
      "metric": "l2",
      "params": {
        "nprobe": 10
      }
    }
  },
  "dataset": "random",
  "n_train": 20000,
  "n_test": 256,
  "dimensions": 64,
  "topk": 20,
  "build_time_s": 0.8461215496063232,
  "index_memory_mb": 4.8828125,
  "qps": 7183.80528143336,
  "mean_query_time_ms": 0.13920199126005173,
  "total_query_time_s": 0.03563570976257324,
  "timestamp": "2025-11-21T13:57:20.878213",
  "recall@1": 0.953125,
  "precision@1": 1.0,
  "recall@10": 0.9214843750000001,
  "precision@10": 1.0,
  "map@10": 0.05000000000000001,
  "mean_query_time": 0.13920199126005173,
  "median_query_time": 0.13920199126005173,
  "min_query_time": 0.013485550880432129,
  "max_query_time": 0.2649184316396713,
  "recall": 0.9214843750000001
}