{
  "algorithm": "covertree_v2_2",
  "parameters": {
    "metric": "l2"
  },
  "dataset": "glove50",
  "n_train": 20000,
  "n_test": 256,
  "dimensions": 50,
  "topk": 20,
  "build_time_s": 203.5738184452057,
  "index_memory_mb": 4.4251708984375,
  "qps": 48.17216798883357,
  "mean_query_time_ms": 20.758874714374542,
  "total_query_time_s": 5.314271926879883,
  "index_load_time_s": 0.0,
  "index_source": "built",
  "persistence_mode": null,
  "persist_dir": null,
  "dataset_fingerprint": null,
  "config_hash": null,
  "timestamp": "2026-03-20T12:03:58.949998",
  "base_algorithm": "covertree_v2_2",
  "tradeoff_variant_id": "base",
  "tradeoff_params": {},
  "is_tradeoff_variant": false,
  "recall@1": 1.0,
  "precision@1": 1.0,
  "recall@10": 1.0,
  "precision@10": 1.0,
  "map@10": 0.05000000000000001,
  "mean_query_time": 20.758874714374542,
  "median_query_time": 20.758874714374542,
  "min_query_time": 20.50846442580223,
  "max_query_time": 21.009285002946854,
  "recall": 1.0
}