{
  "algorithm": "hnsw",
  "parameters": {
    "metric": "l2",
    "indexer": {
      "name": "HNSWIndexer",
      "type": "HNSWIndexer",
      "metric": "l2",
      "params": {
        "M": 16,
        "efConstruction": 200,
        "efSearch": 100
      }
    },
    "searcher": {
      "name": "FaissSearcher",
      "type": "FaissSearcher",
      "metric": "l2",
      "params": {
        "nprobe": 10
      }
    }
  },
  "dataset": "random",
  "n_train": 20000,
  "n_test": 256,
  "dimensions": 64,
  "topk": 20,
  "build_time_s": 0.5970582962036133,
  "index_memory_mb": 7.32421875,
  "qps": 5256.869227191501,
  "mean_query_time_ms": 0.19022729247808456,
  "total_query_time_s": 0.04869818687438965,
  "index_load_time_s": 0.0,
  "index_source": "built",
  "persistence_mode": null,
  "persist_dir": null,
  "dataset_fingerprint": null,
  "config_hash": null,
  "timestamp": "2026-03-03T14:08:41.105478",
  "recall@1": 0.9453125,
  "precision@1": 1.0,
  "recall@10": 0.9164062500000001,
  "precision@10": 1.0,
  "map@10": 0.05000000000000001,
  "mean_query_time": 0.19022729247808456,
  "median_query_time": 0.19022729247808456,
  "min_query_time": 0.005705282092094421,
  "max_query_time": 0.3747493028640747,
  "recall": 0.9164062500000001
}