{
  "algorithm": "hnsw",
  "parameters": {
    "metric": "l2",
    "indexer": {
      "name": "HNSWIndexer",
      "type": "HNSWIndexer",
      "metric": "l2",
      "params": {
        "M": 16,
        "efConstruction": 200,
        "efSearch": 100
      }
    },
    "searcher": {
      "name": "FaissSearcher",
      "type": "FaissSearcher",
      "metric": "l2",
      "params": {
        "nprobe": 10,
        "lsh_candidate_multiplier": 64.0
      }
    }
  },
  "dataset": "glove50",
  "n_train": 20000,
  "n_test": 256,
  "dimensions": 50,
  "topk": 20,
  "build_time_s": 0.15907740592956543,
  "index_memory_mb": 6.256103515625,
  "qps": 220480.86735112936,
  "mean_query_time_ms": 0.00453554093837738,
  "total_query_time_s": 0.0011610984802246094,
  "timestamp": "2026-02-19T11:00:45.296166",
  "recall@1": 0.97265625,
  "precision@1": 1.0,
  "recall@10": 0.97421875,
  "precision@10": 1.0,
  "map@10": 0.05000000000000001,
  "mean_query_time": 0.00453554093837738,
  "median_query_time": 0.00453554093837738,
  "min_query_time": 0.00443682074546814,
  "max_query_time": 0.004634261131286621,
  "recall": 0.97421875
}