{
  "algorithm": "lsh",
  "parameters": {
    "metric": "cosine",
    "indexer": {
      "name": "LSHIndexer",
      "type": "LSHIndexer",
      "metric": "cosine",
      "params": {
        "num_tables": 12,
        "hash_size": 12,
        "bucket_width": 4.0,
        "seed": 42
      }
    },
    "searcher": {
      "name": "LSHSearcher",
      "type": "LSHSearcher",
      "metric": "cosine",
      "params": {
        "candidate_multiplier": 32.0,
        "max_candidates": null,
        "fallback_to_bruteforce": false
      }
    }
  },
  "dataset": "msmarco",
  "n_train": 100000,
  "n_test": 70,
  "dimensions": 384,
  "topk": 20,
  "build_time_s": 2.5200905799865723,
  "index_memory_mb": 166.16101837158203,
  "qps": 2350.8601900857543,
  "mean_query_time_ms": 0.4253762108939035,
  "total_query_time_s": 0.029776334762573246,
  "index_load_time_s": 0.0,
  "index_source": "built",
  "persistence_mode": null,
  "persist_dir": null,
  "dataset_fingerprint": null,
  "config_hash": null,
  "timestamp": "2026-03-04T09:40:09.811434",
  "recall@1": 0.22857142857142856,
  "precision@1": 1.0,
  "recall@10": 0.10142857142857141,
  "precision@10": 0.6157142857142855,
  "map@10": 0.030785714285714288,
  "mean_query_time": 0.4253762108939035,
  "median_query_time": 0.4253762108939035,
  "min_query_time": 0.4253762108939035,
  "max_query_time": 0.4253762108939035,
  "recall": 0.10142857142857141
}