{
  "algorithm": "hnsw",
  "parameters": {
    "metric": "cosine",
    "indexer": {
      "name": "HNSWIndexer",
      "type": "HNSWIndexer",
      "metric": "cosine",
      "params": {
        "M": 16,
        "efConstruction": 200,
        "efSearch": 100
      }
    },
    "searcher": {
      "name": "FaissSearcher",
      "type": "FaissSearcher",
      "metric": "cosine",
      "params": {
        "nprobe": 32
      }
    }
  },
  "dataset": "msmarco",
  "n_train": 100000,
  "n_test": 70,
  "dimensions": 384,
  "topk": 20,
  "build_time_s": 7.961605072021484,
  "index_memory_mb": 158.69140625,
  "qps": 7871.559023030104,
  "mean_query_time_ms": 0.1270396368844169,
  "total_query_time_s": 0.008892774581909183,
  "index_load_time_s": 0.0,
  "index_source": "built",
  "persistence_mode": null,
  "persist_dir": null,
  "dataset_fingerprint": null,
  "config_hash": null,
  "timestamp": "2026-03-05T07:17:17.397502",
  "recall@1": 1.0,
  "precision@1": 1.0,
  "recall@10": 0.9857142857142858,
  "precision@10": 1.0,
  "map@10": 0.04999999999999998,
  "mean_query_time": 0.1270396368844169,
  "median_query_time": 0.12703963688441686,
  "min_query_time": 0.12703963688441686,
  "max_query_time": 0.12703963688441686,
  "recall": 0.9857142857142858
}