{
  "algorithm": "lsh",
  "parameters": {
    "metric": "cosine",
    "indexer": {
      "name": "LSHIndexer",
      "type": "LSHIndexer",
      "metric": "cosine",
      "params": {
        "num_tables": 24,
        "hash_size": 8,
        "bucket_width": 4.0,
        "seed": 42
      }
    },
    "searcher": {
      "name": "LSHSearcher",
      "type": "LSHSearcher",
      "metric": "cosine",
      "params": {
        "candidate_multiplier": 128.0,
        "max_candidates": null,
        "fallback_to_bruteforce": false
      }
    }
  },
  "dataset": "msmarco",
  "n_train": 100000,
  "n_test": 70,
  "dimensions": 384,
  "topk": 20,
  "build_time_s": 2.7817494869232178,
  "index_memory_mb": 175.99920654296875,
  "qps": 147.29001106175267,
  "mean_query_time_ms": 6.7893266677856445,
  "total_query_time_s": 0.4752528667449951,
  "index_load_time_s": 0.0,
  "index_source": "built",
  "persistence_mode": null,
  "persist_dir": null,
  "dataset_fingerprint": null,
  "config_hash": null,
  "timestamp": "2026-03-05T07:18:10.221846",
  "recall@1": 0.5857142857142857,
  "precision@1": 1.0,
  "recall@10": 0.32857142857142857,
  "precision@10": 1.0,
  "map@10": 0.04999999999999998,
  "mean_query_time": 6.7893266677856445,
  "median_query_time": 6.7893266677856445,
  "min_query_time": 6.7893266677856445,
  "max_query_time": 6.7893266677856445,
  "recall": 0.32857142857142857
}