{
  "algorithm": "covertree",
  "parameters": {
    "metric": "l2",
    "candidate_pool_size": 256,
    "max_visit_nodes": 4096,
    "visit_multiplier": 16,
    "candidate_limits_enabled": false
  },
  "dataset": "random",
  "n_train": 20000,
  "n_test": 256,
  "dimensions": 64,
  "topk": 20,
  "build_time_s": 1172.6629400253296,
  "index_memory_mb": 4.8828125,
  "qps": 8.860658691900342,
  "mean_query_time_ms": 112.85842675715685,
  "total_query_time_s": 28.891757249832153,
  "timestamp": "2025-11-21T15:35:56.623110",
  "recall@1": 1.0,
  "precision@1": 1.0,
  "recall@10": 1.0,
  "precision@10": 1.0,
  "map@10": 0.05000000000000001,
  "mean_query_time": 112.85842675715685,
  "median_query_time": 112.85842675715685,
  "min_query_time": 112.81591467559338,
  "max_query_time": 112.90093883872032,
  "recall": 1.0
}