{
  "algorithm": "covertree_v2",
  "parameters": {
    "metric": "l2"
  },
  "dataset": "random",
  "n_train": 20000,
  "n_test": 256,
  "dimensions": 64,
  "topk": 20,
  "build_time_s": 1184.4433226585388,
  "index_memory_mb": 4.8828125,
  "qps": 12.59968094490007,
  "mean_query_time_ms": 79.3670890852809,
  "total_query_time_s": 20.31797480583191,
  "timestamp": "2025-11-21T15:56:01.384494",
  "recall@1": 1.0,
  "precision@1": 1.0,
  "recall@10": 1.0,
  "precision@10": 1.0,
  "map@10": 0.05000000000000001,
  "mean_query_time": 79.3670890852809,
  "median_query_time": 79.3670890852809,
  "min_query_time": 79.35859449207783,
  "max_query_time": 79.37558367848396,
  "recall": 1.0
}