{
  "algorithm": "hnsw",
  "parameters": {
    "metric": "l2",
    "indexer": {
      "name": "HNSWIndexer",
      "type": "HNSWIndexer",
      "metric": "l2",
      "params": {
        "M": 16,
        "efConstruction": 200,
        "efSearch": 100
      }
    },
    "searcher": {
      "name": "FaissSearcher",
      "type": "FaissSearcher",
      "metric": "l2",
      "params": {
        "nprobe": 10
      }
    }
  },
  "dataset": "random",
  "n_train": 20000,
  "n_test": 256,
  "dimensions": 64,
  "topk": 20,
  "build_time_s": 0.6191115379333496,
  "index_memory_mb": 4.8828125,
  "qps": 71397.15566194561,
  "mean_query_time_ms": 0.014006160199642181,
  "total_query_time_s": 0.0035855770111083984,
  "timestamp": "2025-11-21T15:14:59.005239",
  "recall@1": 0.94921875,
  "precision@1": 1.0,
  "recall@10": 0.92109375,
  "precision@10": 1.0,
  "map@10": 0.05000000000000001,
  "mean_query_time": 0.014006160199642181,
  "median_query_time": 0.014006160199642181,
  "min_query_time": 0.013398006558418274,
  "max_query_time": 0.014614313840866089,
  "recall": 0.92109375
}