{
  "algorithm": "covertree_v2",
  "parameters": {
    "metric": "l2"
  },
  "dataset": "random",
  "n_train": 20000,
  "n_test": 256,
  "dimensions": 64,
  "topk": 20,
  "build_time_s": 1184.6020994186401,
  "index_memory_mb": 5.4932861328125,
  "qps": 12.779992260651508,
  "mean_query_time_ms": 78.2473087310791,
  "total_query_time_s": 20.03131103515625,
  "timestamp": "2025-12-04T16:11:33.664913",
  "recall@1": 1.0,
  "precision@1": 1.0,
  "recall@10": 1.0,
  "precision@10": 1.0,
  "map@10": 0.05000000000000001,
  "mean_query_time": 78.2473087310791,
  "median_query_time": 78.2473087310791,
  "min_query_time": 78.08796875178814,
  "max_query_time": 78.40664871037006,
  "recall": 1.0
}