{
  "algorithm": "covertree",
  "parameters": {
    "metric": "l2",
    "candidate_pool_size": 256,
    "max_visit_nodes": 4096,
    "visit_multiplier": 16,
    "candidate_limits_enabled": false
  },
  "dataset": "random",
  "n_train": 20000,
  "n_test": 256,
  "dimensions": 64,
  "topk": 20,
  "build_time_s": 1201.8207564353943,
  "index_memory_mb": 5.4932861328125,
  "qps": 8.981866304075618,
  "mean_query_time_ms": 111.33543588221073,
  "total_query_time_s": 28.501871585845947,
  "timestamp": "2025-12-04T15:51:29.028817",
  "recall@1": 1.0,
  "precision@1": 1.0,
  "recall@10": 1.0,
  "precision@10": 1.0,
  "map@10": 0.05000000000000001,
  "mean_query_time": 111.33543588221073,
  "median_query_time": 111.33543588221073,
  "min_query_time": 111.03557609021664,
  "max_query_time": 111.63529567420483,
  "recall": 1.0
}