{
  "algorithm": "faiss_lsh",
  "parameters": {
    "metric": "l2",
    "indexer": {
      "name": "FaissLSHIndexer",
      "type": "FaissLSHIndexer",
      "metric": "l2",
      "params": {
        "num_bits": 256
      }
    },
    "searcher": {
      "name": "FaissSearcher",
      "type": "FaissSearcher",
      "metric": "l2",
      "params": {
        "nprobe": 10,
        "lsh_candidate_multiplier": 64.0
      }
    }
  },
  "dataset": "random",
  "n_train": 20000,
  "n_test": 256,
  "dimensions": 64,
  "topk": 20,
  "build_time_s": 0.20054340362548828,
  "index_memory_mb": 0.6103515625,
  "qps": 3700.733169506071,
  "mean_query_time_ms": 0.2702167257666588,
  "total_query_time_s": 0.06917548179626465,
  "timestamp": "2025-12-04T15:30:58.703583",
  "recall@1": 0.9921875,
  "precision@1": 1.0,
  "recall@10": 0.9671875000000001,
  "precision@10": 1.0,
  "map@10": 0.05000000000000001,
  "mean_query_time": 0.2702167257666588,
  "median_query_time": 0.2702167257666588,
  "min_query_time": 0.26864558458328247,
  "max_query_time": 0.2717878669500351,
  "recall": 0.9671875000000001
}