{
  "algorithm": "hnsw",
  "parameters": {
    "metric": "l2",
    "indexer": {
      "name": "HNSWIndexer",
      "type": "HNSWIndexer",
      "metric": "l2",
      "params": {
        "M": 16,
        "efConstruction": 200,
        "efSearch": 100
      }
    },
    "searcher": {
      "name": "FaissSearcher",
      "type": "FaissSearcher",
      "metric": "l2",
      "params": {
        "nprobe": 10,
        "lsh_candidate_multiplier": 64.0
      }
    }
  },
  "dataset": "random",
  "n_train": 20000,
  "n_test": 256,
  "dimensions": 64,
  "topk": 20,
  "build_time_s": 0.9721760749816895,
  "index_memory_mb": 7.32421875,
  "qps": 5692.498430740521,
  "mean_query_time_ms": 0.17566978931427002,
  "total_query_time_s": 0.044971466064453125,
  "timestamp": "2025-12-04T15:29:59.836785",
  "recall@1": 0.92578125,
  "precision@1": 1.0,
  "recall@10": 0.9183593750000001,
  "precision@10": 1.0,
  "map@10": 0.05000000000000001,
  "mean_query_time": 0.17566978931427002,
  "median_query_time": 0.17566978931427002,
  "min_query_time": 0.01772865653038025,
  "max_query_time": 0.3336109220981598,
  "recall": 0.9183593750000001
}