{
  "algorithm": "lsh",
  "parameters": {
    "metric": "l2",
    "indexer": {
      "name": "LSHIndexer",
      "type": "LSHIndexer",
      "metric": "l2",
      "params": {
        "num_tables": 12,
        "hash_size": 4,
        "bucket_width": 20.0,
        "seed": 42
      }
    },
    "searcher": {
      "name": "LSHSearcher",
      "type": "LSHSearcher",
      "metric": "l2",
      "params": {
        "candidate_multiplier": 64.0,
        "max_candidates": null,
        "fallback_to_bruteforce": false
      }
    }
  },
  "dataset": "glove50",
  "n_train": 20000,
  "n_test": 256,
  "dimensions": 50,
  "topk": 20,
  "build_time_s": 0.48316478729248047,
  "index_memory_mb": 6.7177276611328125,
  "qps": 81.8528613195765,
  "mean_query_time_ms": 12.217043898999691,
  "total_query_time_s": 3.127563238143921,
  "index_load_time_s": 0.0,
  "index_source": "built",
  "persistence_mode": null,
  "persist_dir": null,
  "dataset_fingerprint": null,
  "config_hash": null,
  "timestamp": "2026-03-05T07:17:05.681980",
  "recall@1": 0.61328125,
  "precision@1": 1.0,
  "recall@10": 0.5074218749999999,
  "precision@10": 1.0,
  "map@10": 0.05000000000000001,
  "mean_query_time": 12.217043898999691,
  "median_query_time": 12.217043898999691,
  "min_query_time": 9.614232927560806,
  "max_query_time": 14.819854870438576,
  "recall": 0.5074218749999999
}