{
  "algorithm": "covertree_v2_2",
  "parameters": {
    "metric": "l2"
  },
  "dataset": "glove50",
  "n_train": 20000,
  "n_test": 256,
  "dimensions": 50,
  "topk": 20,
  "build_time_s": 202.71945667266846,
  "index_memory_mb": 4.4251708984375,
  "qps": 49.1133603994416,
  "mean_query_time_ms": 20.36105841398239,
  "total_query_time_s": 5.212430953979492,
  "index_load_time_s": 0.0,
  "index_source": "built",
  "persistence_mode": null,
  "persist_dir": null,
  "dataset_fingerprint": null,
  "config_hash": null,
  "timestamp": "2026-03-03T14:17:22.564987",
  "recall@1": 1.0,
  "precision@1": 1.0,
  "recall@10": 1.0,
  "precision@10": 1.0,
  "map@10": 0.05000000000000001,
  "mean_query_time": 20.36105841398239,
  "median_query_time": 20.36105841398239,
  "min_query_time": 20.358657464385033,
  "max_query_time": 20.36345936357975,
  "recall": 1.0
}