{
  "algorithm": "hnsw",
  "parameters": {
    "metric": "l2",
    "indexer": {
      "name": "HNSWIndexer",
      "type": "HNSWIndexer",
      "metric": "l2",
      "params": {
        "M": 16,
        "efConstruction": 200,
        "efSearch": 100
      }
    },
    "searcher": {
      "name": "FaissSearcher",
      "type": "FaissSearcher",
      "metric": "l2",
      "params": {
        "nprobe": 10
      }
    }
  },
  "dataset": "glove50",
  "n_train": 20000,
  "n_test": 256,
  "dimensions": 50,
  "topk": 20,
  "build_time_s": 0.13275623321533203,
  "index_memory_mb": 6.256103515625,
  "qps": 240264.4493175207,
  "mean_query_time_ms": 0.0041620805859565735,
  "total_query_time_s": 0.0010654926300048828,
  "index_load_time_s": 0.0,
  "index_source": "built",
  "persistence_mode": null,
  "persist_dir": null,
  "dataset_fingerprint": null,
  "config_hash": null,
  "timestamp": "2026-03-03T14:13:32.485738",
  "recall@1": 0.98046875,
  "precision@1": 1.0,
  "recall@10": 0.9753906250000001,
  "precision@10": 1.0,
  "map@10": 0.05000000000000001,
  "mean_query_time": 0.0041620805859565735,
  "median_query_time": 0.0041620805859565735,
  "min_query_time": 0.004092231392860413,
  "max_query_time": 0.004231929779052734,
  "recall": 0.9753906250000001
}