{
  "algorithm": "lsh",
  "parameters": {
    "metric": "l2",
    "indexer": {
      "name": "LSHIndexer",
      "type": "LSHIndexer",
      "metric": "l2",
      "params": {
        "num_tables": 12,
        "hash_size": 18,
        "bucket_width": 4.0,
        "seed": 42
      }
    },
    "searcher": {
      "name": "LSHSearcher",
      "type": "LSHSearcher",
      "metric": "l2",
      "params": {
        "candidate_multiplier": 8.0,
        "max_candidates": null,
        "fallback_to_bruteforce": false
      }
    }
  },
  "dataset": "glove50",
  "n_train": 20000,
  "n_test": 256,
  "dimensions": 50,
  "topk": 20,
  "build_time_s": 1.058694839477539,
  "index_memory_mb": 3.814697265625,
  "qps": 12717.9909744513,
  "mean_query_time_ms": 0.078628771007061,
  "total_query_time_s": 0.020128965377807617,
  "timestamp": "2025-11-21T15:08:58.075313",
  "recall@1": 0.0078125,
  "precision@1": 0.0078125,
  "recall@10": 0.00078125,
  "precision@10": 0.00078125,
  "map@10": 3.90625e-05,
  "mean_query_time": 0.078628771007061,
  "median_query_time": 0.078628771007061,
  "min_query_time": 0.0774674117565155,
  "max_query_time": 0.0797901302576065,
  "recall": 0.00078125
}