{
  "algorithm": "covertree_v2_2",
  "parameters": {
    "metric": "l2"
  },
  "dataset": "random",
  "n_train": 20000,
  "n_test": 256,
  "dimensions": 64,
  "topk": 20,
  "build_time_s": 357.37244296073914,
  "index_memory_mb": 5.4932861328125,
  "qps": 33.727451719354555,
  "mean_query_time_ms": 29.649438336491585,
  "total_query_time_s": 7.590256214141846,
  "index_load_time_s": 0.0,
  "index_source": "built",
  "persistence_mode": null,
  "persist_dir": null,
  "dataset_fingerprint": null,
  "config_hash": null,
  "timestamp": "2026-03-18T18:33:01.084459",
  "base_algorithm": "covertree_v2_2",
  "tradeoff_variant_id": "base",
  "tradeoff_params": {},
  "is_tradeoff_variant": false,
  "recall@1": 1.0,
  "precision@1": 1.0,
  "recall@10": 1.0,
  "precision@10": 1.0,
  "map@10": 0.05000000000000001,
  "mean_query_time": 29.649438336491585,
  "median_query_time": 29.649438336491585,
  "min_query_time": 29.32961843907833,
  "max_query_time": 29.96925823390484,
  "recall": 1.0
}