{
  "algorithm": "covertree_v2_2",
  "parameters": {
    "metric": "l2"
  },
  "dataset": "random",
  "n_train": 20000,
  "n_test": 256,
  "dimensions": 64,
  "topk": 20,
  "build_time_s": 346.49371314048767,
  "index_memory_mb": 5.4932861328125,
  "qps": 35.27420259901975,
  "mean_query_time_ms": 28.349329717457294,
  "total_query_time_s": 7.257428407669067,
  "index_load_time_s": 0.0,
  "index_source": "built",
  "persistence_mode": null,
  "persist_dir": null,
  "dataset_fingerprint": null,
  "config_hash": null,
  "timestamp": "2026-03-04T09:34:09.997525",
  "recall@1": 1.0,
  "precision@1": 1.0,
  "recall@10": 1.0,
  "precision@10": 1.0,
  "map@10": 0.05000000000000001,
  "mean_query_time": 28.349329717457294,
  "median_query_time": 28.349329717457294,
  "min_query_time": 28.165072202682495,
  "max_query_time": 28.533587232232094,
  "recall": 1.0
}