{
  "algorithm": "hnsw",
  "parameters": {
    "metric": "l2",
    "indexer": {
      "name": "HNSWIndexer",
      "type": "HNSWIndexer",
      "metric": "l2",
      "params": {
        "M": 16,
        "efConstruction": 200,
        "efSearch": 100
      }
    },
    "searcher": {
      "name": "FaissSearcher",
      "type": "FaissSearcher",
      "metric": "l2",
      "params": {
        "nprobe": 10
      }
    }
  },
  "dataset": "random",
  "n_train": 20000,
  "n_test": 256,
  "dimensions": 64,
  "topk": 20,
  "build_time_s": 0.40337491035461426,
  "index_memory_mb": 7.32421875,
  "qps": 7541.380980474786,
  "mean_query_time_ms": 0.13260170817375183,
  "total_query_time_s": 0.03394603729248047,
  "index_load_time_s": 0.0,
  "index_source": "built",
  "persistence_mode": null,
  "persist_dir": null,
  "dataset_fingerprint": null,
  "config_hash": null,
  "timestamp": "2026-03-04T09:27:49.751188",
  "recall@1": 0.9453125,
  "precision@1": 1.0,
  "recall@10": 0.9144531250000001,
  "precision@10": 1.0,
  "map@10": 0.05000000000000001,
  "mean_query_time": 0.13260170817375183,
  "median_query_time": 0.13260170817375183,
  "min_query_time": 0.006113201379776001,
  "max_query_time": 0.25909021496772766,
  "recall": 0.9144531250000001
}