{
  "algorithm": "covertree_v2_2",
  "parameters": {
    "metric": "l2"
  },
  "dataset": "random",
  "n_train": 20000,
  "n_test": 256,
  "dimensions": 64,
  "topk": 20,
  "build_time_s": 350.6969199180603,
  "index_memory_mb": 5.4932861328125,
  "qps": 34.399489868099735,
  "mean_query_time_ms": 29.07019853591919,
  "total_query_time_s": 7.4419708251953125,
  "index_load_time_s": 0.0,
  "index_source": "built",
  "persistence_mode": null,
  "persist_dir": null,
  "dataset_fingerprint": null,
  "config_hash": null,
  "timestamp": "2026-03-05T07:11:58.161901",
  "recall@1": 1.0,
  "precision@1": 1.0,
  "recall@10": 1.0,
  "precision@10": 1.0,
  "map@10": 0.05000000000000001,
  "mean_query_time": 29.07019853591919,
  "median_query_time": 29.07019853591919,
  "min_query_time": 28.959620743989944,
  "max_query_time": 29.180776327848434,
  "recall": 1.0
}