{
  "algorithm": "hnsw",
  "parameters": {
    "metric": "l2",
    "indexer": {
      "name": "HNSWIndexer",
      "type": "HNSWIndexer",
      "metric": "l2",
      "params": {
        "M": 16,
        "efConstruction": 200,
        "efSearch": 100
      }
    },
    "searcher": {
      "name": "FaissSearcher",
      "type": "FaissSearcher",
      "metric": "l2",
      "params": {
        "nprobe": 10
      }
    }
  },
  "dataset": "random",
  "n_train": 20000,
  "n_test": 256,
  "dimensions": 64,
  "topk": 20,
  "build_time_s": 0.36948704719543457,
  "index_memory_mb": 7.32421875,
  "qps": 23886.408257697098,
  "mean_query_time_ms": 0.04186481237411499,
  "total_query_time_s": 0.010717391967773438,
  "index_load_time_s": 0.0,
  "index_source": "built",
  "persistence_mode": null,
  "persist_dir": null,
  "dataset_fingerprint": null,
  "config_hash": null,
  "timestamp": "2026-03-05T07:05:33.787686",
  "recall@1": 0.9453125,
  "precision@1": 1.0,
  "recall@10": 0.9156250000000001,
  "precision@10": 1.0,
  "map@10": 0.05000000000000001,
  "mean_query_time": 0.04186481237411499,
  "median_query_time": 0.04186481237411499,
  "min_query_time": 0.006839632987976074,
  "max_query_time": 0.0768899917602539,
  "recall": 0.9156250000000001
}