{
  "algorithm": "covertree_v2_2",
  "parameters": {
    "metric": "l2"
  },
  "dataset": "random",
  "n_train": 20000,
  "n_test": 256,
  "dimensions": 64,
  "topk": 20,
  "build_time_s": 346.9518053531647,
  "index_memory_mb": 5.4932861328125,
  "qps": 34.91195386924449,
  "mean_query_time_ms": 28.643484227359295,
  "total_query_time_s": 7.3327319622039795,
  "timestamp": "2026-02-19T11:00:42.152193",
  "recall@1": 1.0,
  "precision@1": 1.0,
  "recall@10": 1.0,
  "precision@10": 1.0,
  "map@10": 0.05000000000000001,
  "mean_query_time": 28.643484227359295,
  "median_query_time": 28.643484227359295,
  "min_query_time": 28.487196192145348,
  "max_query_time": 28.799772262573242,
  "recall": 1.0
}