{
  "algorithm": "covertree_v2_2",
  "parameters": {
    "metric": "l2"
  },
  "dataset": "glove50",
  "n_train": 20000,
  "n_test": 256,
  "dimensions": 50,
  "topk": 20,
  "build_time_s": 257.2042570114136,
  "index_memory_mb": 4.4251708984375,
  "qps": 37.7712895911207,
  "mean_query_time_ms": 26.47513523697853,
  "total_query_time_s": 6.777634620666504,
  "index_load_time_s": 0.0,
  "index_source": "built",
  "persistence_mode": null,
  "persist_dir": null,
  "dataset_fingerprint": null,
  "config_hash": null,
  "timestamp": "2026-03-04T09:39:03.668336",
  "recall@1": 1.0,
  "precision@1": 1.0,
  "recall@10": 1.0,
  "precision@10": 1.0,
  "map@10": 0.05000000000000001,
  "mean_query_time": 26.47513523697853,
  "median_query_time": 26.47513523697853,
  "min_query_time": 26.459164917469025,
  "max_query_time": 26.491105556488037,
  "recall": 1.0
}