{
  "algorithm": "covertree_v2",
  "parameters": {
    "metric": "l2"
  },
  "dataset": "glove50",
  "n_train": 20000,
  "n_test": 256,
  "dimensions": 50,
  "topk": 20,
  "build_time_s": 872.6430218219757,
  "index_memory_mb": 4.4251708984375,
  "qps": 11.622083570836953,
  "mean_query_time_ms": 86.04309149086475,
  "total_query_time_s": 22.027031421661377,
  "timestamp": "2025-11-28T17:00:21.930906",
  "recall@1": 1.0,
  "precision@1": 1.0,
  "recall@10": 1.0,
  "precision@10": 1.0,
  "map@10": 0.05000000000000001,
  "mean_query_time": 86.04309149086475,
  "median_query_time": 86.04309149086475,
  "min_query_time": 85.95144003629684,
  "max_query_time": 86.13474294543266,
  "recall": 1.0
}