{
  "algorithm": "hnsw",
  "parameters": {
    "metric": "l2",
    "indexer": {
      "name": "HNSWIndexer",
      "type": "HNSWIndexer",
      "metric": "l2",
      "params": {
        "M": 16,
        "efConstruction": 200,
        "efSearch": 100
      }
    },
    "searcher": {
      "name": "FaissSearcher",
      "type": "FaissSearcher",
      "metric": "l2",
      "params": {
        "nprobe": 10
      }
    }
  },
  "dataset": "glove50",
  "n_train": 20000,
  "n_test": 256,
  "dimensions": 50,
  "topk": 20,
  "build_time_s": 0.45763087272644043,
  "index_memory_mb": 4.57763671875e-05,
  "qps": 91002.78193067209,
  "mean_query_time_ms": 0.010988675057888031,
  "total_query_time_s": 0.002813100814819336,
  "timestamp": "2025-11-28T16:29:26.416548",
  "recall@1": 0.98046875,
  "precision@1": 1.0,
  "recall@10": 0.971875,
  "precision@10": 1.0,
  "map@10": 0.05000000000000001,
  "mean_query_time": 0.010988675057888031,
  "median_query_time": 0.010988675057888031,
  "min_query_time": 0.010814517736434937,
  "max_query_time": 0.011162832379341125,
  "recall": 0.971875
}