{
  "algorithm": "lsh",
  "parameters": {
    "metric": "l2",
    "indexer": {
      "name": "LSHIndexer",
      "type": "LSHIndexer",
      "metric": "l2",
      "params": {
        "num_tables": 12,
        "hash_size": 4,
        "bucket_width": 20.0,
        "seed": 42
      }
    },
    "searcher": {
      "name": "LSHSearcher",
      "type": "LSHSearcher",
      "metric": "l2",
      "params": {
        "candidate_multiplier": 64.0,
        "max_candidates": null,
        "fallback_to_bruteforce": false
      }
    }
  },
  "dataset": "glove50",
  "n_train": 20000,
  "n_test": 256,
  "dimensions": 50,
  "topk": 20,
  "build_time_s": 0.5017800331115723,
  "index_memory_mb": 6.7177276611328125,
  "qps": 81.53703620735192,
  "mean_query_time_ms": 12.264365330338478,
  "total_query_time_s": 3.1396775245666504,
  "timestamp": "2025-11-28T17:00:25.572601",
  "recall@1": 0.61328125,
  "precision@1": 1.0,
  "recall@10": 0.5074218749999999,
  "precision@10": 1.0,
  "map@10": 0.05000000000000001,
  "mean_query_time": 12.264365330338478,
  "median_query_time": 12.264365330338478,
  "min_query_time": 9.773440659046173,
  "max_query_time": 14.755290001630783,
  "recall": 0.5074218749999999
}