{
  "algorithm": "hnsw",
  "parameters": {
    "metric": "l2",
    "indexer": {
      "name": "HNSWIndexer",
      "type": "HNSWIndexer",
      "metric": "l2",
      "params": {
        "M": 16,
        "efConstruction": 200,
        "efSearch": 100
      }
    },
    "searcher": {
      "name": "FaissSearcher",
      "type": "FaissSearcher",
      "metric": "l2",
      "params": {
        "nprobe": 10
      }
    }
  },
  "dataset": "glove50",
  "n_train": 20000,
  "n_test": 256,
  "dimensions": 50,
  "topk": 20,
  "build_time_s": 0.16053080558776855,
  "index_memory_mb": 3.814697265625,
  "qps": 216044.63259557344,
  "mean_query_time_ms": 0.004628673195838928,
  "total_query_time_s": 0.0011849403381347656,
  "timestamp": "2025-11-08T09:58:20.295978",
  "recall@1": 0.98046875,
  "precision@1": 1.0,
  "recall@10": 0.97578125,
  "precision@10": 1.0,
  "map@10": 0.05000000000000001,
  "mean_query_time": 0.004628673195838928,
  "median_query_time": 0.004628673195838928,
  "min_query_time": 0.004451721906661987,
  "max_query_time": 0.004805624485015869,
  "recall": 0.97578125
}