{
  "algorithm": "lsh",
  "parameters": {
    "metric": "l2",
    "indexer": {
      "name": "LSHIndexer",
      "type": "LSHIndexer",
      "metric": "l2",
      "params": {
        "num_tables": 12,
        "hash_size": 18,
        "bucket_width": 4.0,
        "seed": 42
      }
    },
    "searcher": {
      "name": "LSHSearcher",
      "type": "LSHSearcher",
      "metric": "l2",
      "params": {
        "candidate_multiplier": 8.0,
        "max_candidates": null,
        "fallback_to_bruteforce": true
      }
    }
  },
  "dataset": "glove50",
  "n_train": 20000,
  "n_test": 256,
  "dimensions": 50,
  "topk": 20,
  "build_time_s": 0.6508216857910156,
  "index_memory_mb": 3.814697265625,
  "qps": 245.58544906284564,
  "mean_query_time_ms": 4.071902483701706,
  "total_query_time_s": 1.0424070358276367,
  "timestamp": "2025-11-08T10:13:38.106815",
  "recall@1": 1.0,
  "precision@1": 1.0,
  "recall@10": 0.99296875,
  "precision@10": 0.99296875,
  "map@10": 0.0496484375,
  "mean_query_time": 4.071902483701706,
  "median_query_time": 4.071902483701706,
  "min_query_time": 4.025448113679886,
  "max_query_time": 4.118356853723526,
  "recall": 0.99296875
}