{
  "algorithm": "covertree",
  "parameters": {
    "metric": "l2",
    "candidate_pool_size": 256,
    "max_visit_nodes": 4096,
    "visit_multiplier": 16,
    "candidate_limits_enabled": false
  },
  "dataset": "glove50",
  "n_train": 20000,
  "n_test": 256,
  "dimensions": 50,
  "topk": 20,
  "build_time_s": 838.5526943206787,
  "index_memory_mb": 3.814697265625,
  "qps": 9.040814322934638,
  "mean_query_time_ms": 110.6095053255558,
  "total_query_time_s": 28.316033363342285,
  "timestamp": "2025-11-21T16:11:20.843698",
  "recall@1": 1.0,
  "precision@1": 1.0,
  "recall@10": 1.0,
  "precision@10": 1.0,
  "map@10": 0.05000000000000001,
  "mean_query_time": 110.6095053255558,
  "median_query_time": 110.6095053255558,
  "min_query_time": 110.46942137181759,
  "max_query_time": 110.74958927929401,
  "recall": 1.0
}