{
  "algorithm": "covertree_v2",
  "parameters": {
    "metric": "l2"
  },
  "dataset": "glove50",
  "n_train": 20000,
  "n_test": 256,
  "dimensions": 50,
  "topk": 20,
  "build_time_s": 854.5830910205841,
  "index_memory_mb": 3.814697265625,
  "qps": 12.482960689947761,
  "mean_query_time_ms": 80.1092004403472,
  "total_query_time_s": 20.507955312728882,
  "timestamp": "2025-11-21T16:25:56.047264",
  "recall@1": 1.0,
  "precision@1": 1.0,
  "recall@10": 1.0,
  "precision@10": 1.0,
  "map@10": 0.05000000000000001,
  "mean_query_time": 80.1092004403472,
  "median_query_time": 80.1092004403472,
  "min_query_time": 79.15407419204712,
  "max_query_time": 81.06432668864727,
  "recall": 1.0
}