{
  "algorithm": "hnsw",
  "parameters": {
    "metric": "l2",
    "indexer": {
      "name": "HNSWIndexer",
      "type": "HNSWIndexer",
      "metric": "l2",
      "params": {
        "M": 16,
        "efConstruction": 200,
        "efSearch": 100
      }
    },
    "searcher": {
      "name": "FaissSearcher",
      "type": "FaissSearcher",
      "metric": "l2",
      "params": {
        "nprobe": 10
      }
    }
  },
  "dataset": "glove50",
  "n_train": 20000,
  "n_test": 256,
  "dimensions": 50,
  "topk": 20,
  "build_time_s": 0.3797578811645508,
  "index_memory_mb": 3.814697265625,
  "qps": 96084.27955257271,
  "mean_query_time_ms": 0.010407529771327972,
  "total_query_time_s": 0.002664327621459961,
  "timestamp": "2025-11-21T15:56:05.090280",
  "recall@1": 0.98046875,
  "precision@1": 1.0,
  "recall@10": 0.9710937500000001,
  "precision@10": 1.0,
  "map@10": 0.05000000000000001,
  "mean_query_time": 0.010407529771327972,
  "median_query_time": 0.010407529771327972,
  "min_query_time": 0.010205432772636414,
  "max_query_time": 0.010609626770019531,
  "recall": 0.9710937500000001
}