{
  "algorithm": "lsh",
  "parameters": {
    "metric": "l2",
    "indexer": {
      "name": "LSHIndexer",
      "type": "LSHIndexer",
      "metric": "l2",
      "params": {
        "num_tables": 12,
        "hash_size": 4,
        "bucket_width": 20.0,
        "seed": 42
      }
    },
    "searcher": {
      "name": "LSHSearcher",
      "type": "LSHSearcher",
      "metric": "l2",
      "params": {
        "candidate_multiplier": 64.0,
        "max_candidates": null,
        "fallback_to_bruteforce": false
      }
    }
  },
  "dataset": "glove50",
  "n_train": 20000,
  "n_test": 256,
  "dimensions": 50,
  "topk": 20,
  "build_time_s": 0.5675551891326904,
  "index_memory_mb": 3.814697265625,
  "qps": 93.97772367459329,
  "mean_query_time_ms": 10.640819557011127,
  "total_query_time_s": 2.7240498065948486,
  "timestamp": "2025-11-21T16:25:59.338942",
  "recall@1": 0.61328125,
  "precision@1": 1.0,
  "recall@10": 0.5074218749999999,
  "precision@10": 1.0,
  "map@10": 0.05000000000000001,
  "mean_query_time": 10.640819557011127,
  "median_query_time": 10.640819557011127,
  "min_query_time": 8.124904707074165,
  "max_query_time": 13.15673440694809,
  "recall": 0.5074218749999999
}