{
  "algorithm": "covertree_v2_2",
  "parameters": {
    "metric": "l2"
  },
  "dataset": "glove50",
  "n_train": 20000,
  "n_test": 256,
  "dimensions": 50,
  "topk": 20,
  "build_time_s": 262.11685132980347,
  "index_memory_mb": 4.4251708984375,
  "qps": 34.69514774122286,
  "mean_query_time_ms": 28.82247418165207,
  "total_query_time_s": 7.37855339050293,
  "index_load_time_s": 0.0,
  "index_source": "built",
  "persistence_mode": null,
  "persist_dir": null,
  "dataset_fingerprint": null,
  "config_hash": null,
  "timestamp": "2026-03-02T08:19:18.304907",
  "recall@1": 1.0,
  "precision@1": 1.0,
  "recall@10": 1.0,
  "precision@10": 1.0,
  "map@10": 0.05000000000000001,
  "mean_query_time": 28.82247418165207,
  "median_query_time": 28.82247418165207,
  "min_query_time": 28.714604675769806,
  "max_query_time": 28.930343687534332,
  "recall": 1.0
}