{
  "algorithm": "hnsw",
  "parameters": {
    "metric": "l2",
    "indexer": {
      "name": "HNSWIndexer",
      "type": "HNSWIndexer",
      "metric": "l2",
      "params": {
        "M": 16,
        "efConstruction": 200,
        "efSearch": 100
      }
    },
    "searcher": {
      "name": "FaissSearcher",
      "type": "FaissSearcher",
      "metric": "l2",
      "params": {
        "nprobe": 10
      }
    }
  },
  "dataset": "glove50",
  "n_train": 20000,
  "n_test": 256,
  "dimensions": 50,
  "topk": 20,
  "build_time_s": 0.15953588485717773,
  "index_memory_mb": 6.256103515625,
  "qps": 217444.67881733496,
  "mean_query_time_ms": 0.004598870873451233,
  "total_query_time_s": 0.0011773109436035156,
  "index_load_time_s": 0.0,
  "index_source": "built",
  "persistence_mode": null,
  "persist_dir": null,
  "dataset_fingerprint": null,
  "config_hash": null,
  "timestamp": "2026-03-02T08:14:23.751300",
  "recall@1": 0.97265625,
  "precision@1": 1.0,
  "recall@10": 0.9750000000000001,
  "precision@10": 1.0,
  "map@10": 0.05000000000000001,
  "mean_query_time": 0.004598870873451233,
  "median_query_time": 0.004598870873451233,
  "min_query_time": 0.004392117261886597,
  "max_query_time": 0.004805624485015869,
  "recall": 0.9750000000000001
}