{
  "algorithm": "covertree_v2",
  "parameters": {
    "metric": "l2"
  },
  "dataset": "glove50",
  "n_train": 20000,
  "n_test": 256,
  "dimensions": 50,
  "topk": 20,
  "build_time_s": 868.6916561126709,
  "index_memory_mb": 3.814697265625,
  "qps": 11.519034739699373,
  "mean_query_time_ms": 86.81282959878445,
  "total_query_time_s": 22.22408437728882,
  "timestamp": "2025-11-21T13:52:03.004072",
  "recall@1": 1.0,
  "precision@1": 1.0,
  "recall@10": 1.0,
  "precision@10": 1.0,
  "map@10": 0.05000000000000001,
  "mean_query_time": 86.81282959878445,
  "median_query_time": 86.81282959878445,
  "min_query_time": 86.30738966166973,
  "max_query_time": 87.31826953589916,
  "recall": 1.0
}