{
  "algorithm": "hnsw",
  "parameters": {
    "metric": "l2",
    "indexer": {
      "name": "HNSWIndexer",
      "type": "HNSWIndexer",
      "metric": "l2",
      "params": {
        "M": 16,
        "efConstruction": 200,
        "efSearch": 100
      }
    },
    "searcher": {
      "name": "FaissSearcher",
      "type": "FaissSearcher",
      "metric": "l2",
      "params": {
        "nprobe": 10
      }
    }
  },
  "dataset": "glove50",
  "n_train": 20000,
  "n_test": 256,
  "dimensions": 50,
  "topk": 20,
  "build_time_s": 0.4558582305908203,
  "index_memory_mb": 3.814697265625,
  "qps": 91694.4341588386,
  "mean_query_time_ms": 0.010905787348747253,
  "total_query_time_s": 0.002791881561279297,
  "timestamp": "2025-11-21T13:21:24.162693",
  "recall@1": 0.98046875,
  "precision@1": 1.0,
  "recall@10": 0.972265625,
  "precision@10": 1.0,
  "map@10": 0.05000000000000001,
  "mean_query_time": 0.010905787348747253,
  "median_query_time": 0.010905787348747253,
  "min_query_time": 0.010732561349868774,
  "max_query_time": 0.011079013347625732,
  "recall": 0.972265625
}