{
  "algorithm": "covertree",
  "parameters": {
    "metric": "l2",
    "candidate_pool_size": 256,
    "max_visit_nodes": 4096,
    "visit_multiplier": 16
  },
  "dataset": "random",
  "n_train": 5000,
  "n_test": 256,
  "dimensions": 64,
  "topk": 20,
  "build_time_s": 82.34880876541138,
  "index_memory_mb": 1.220703125,
  "qps": 48.63680578839243,
  "mean_query_time_ms": 20.56056074798107,
  "total_query_time_s": 5.263503551483154,
  "timestamp": "2025-11-08T08:48:39.813861",
  "recall@1": 0.46875,
  "precision@1": 1.0,
  "recall@10": 0.49101562500000007,
  "precision@10": 1.0,
  "map@10": 0.05000000000000001,
  "mean_query_time": 20.56056074798107,
  "median_query_time": 20.56056074798107,
  "min_query_time": 20.496651530265808,
  "max_query_time": 20.624469965696335,
  "recall": 0.49101562500000007
}