{
  "algorithm": "hnsw",
  "parameters": {
    "metric": "l2",
    "indexer": {
      "name": "HNSWIndexer",
      "type": "HNSWIndexer",
      "metric": "l2",
      "params": {
        "M": 16,
        "efConstruction": 200,
        "efSearch": 100
      }
    },
    "searcher": {
      "name": "FaissSearcher",
      "type": "FaissSearcher",
      "metric": "l2",
      "params": {
        "nprobe": 10
      }
    }
  },
  "dataset": "random",
  "n_train": 5000,
  "n_test": 256,
  "dimensions": 64,
  "topk": 20,
  "build_time_s": 0.19334912300109863,
  "index_memory_mb": 1.220703125,
  "qps": 10263.942569279152,
  "mean_query_time_ms": 0.09742844849824905,
  "total_query_time_s": 0.024941682815551758,
  "timestamp": "2025-11-08T08:46:48.228153",
  "recall@1": 0.9921875,
  "precision@1": 1.0,
  "recall@10": 0.9832031250000001,
  "precision@10": 1.0,
  "map@10": 0.05000000000000001,
  "mean_query_time": 0.09742844849824905,
  "median_query_time": 0.09742844849824905,
  "min_query_time": 0.005038455128669739,
  "max_query_time": 0.18981844186782837,
  "recall": 0.9832031250000001
}