{
  "algorithm": "lsh",
  "parameters": {
    "metric": "l2",
    "indexer": {
      "name": "LSHIndexer",
      "type": "LSHIndexer",
      "metric": "l2",
      "params": {
        "num_tables": 12,
        "hash_size": 18,
        "bucket_width": 4.0,
        "seed": 42
      }
    },
    "searcher": {
      "name": "LSHSearcher",
      "type": "LSHSearcher",
      "metric": "l2",
      "params": {
        "candidate_multiplier": 8.0,
        "max_candidates": null,
        "fallback_to_bruteforce": true
      }
    }
  },
  "dataset": "random",
  "n_train": 5000,
  "n_test": 256,
  "dimensions": 64,
  "topk": 20,
  "build_time_s": 0.3144972324371338,
  "index_memory_mb": 1.220703125,
  "qps": 807.3107186868197,
  "mean_query_time_ms": 1.2386804446578026,
  "total_query_time_s": 0.31710219383239746,
  "timestamp": "2025-11-08T08:48:40.445595",
  "recall@1": 1.0,
  "precision@1": 1.0,
  "recall@10": 1.0,
  "precision@10": 1.0,
  "map@10": 0.05000000000000001,
  "mean_query_time": 1.2386804446578026,
  "median_query_time": 1.2386804446578026,
  "min_query_time": 1.2164246290922165,
  "max_query_time": 1.2609362602233887,
  "recall": 1.0
}