{
  "algorithm": "covertree_v2",
  "parameters": {
    "metric": "l2"
  },
  "dataset": "glove50",
  "n_train": 20000,
  "n_test": 256,
  "dimensions": 50,
  "topk": 20,
  "build_time_s": 879.4135358333588,
  "index_memory_mb": 4.4251708984375,
  "qps": 11.51006323245428,
  "mean_query_time_ms": 86.88049577176571,
  "total_query_time_s": 22.24140691757202,
  "timestamp": "2025-12-04T10:30:10.116077",
  "recall@1": 1.0,
  "precision@1": 1.0,
  "recall@10": 1.0,
  "precision@10": 1.0,
  "map@10": 0.05000000000000001,
  "mean_query_time": 86.88049577176571,
  "median_query_time": 86.88049577176571,
  "min_query_time": 86.85003779828548,
  "max_query_time": 86.91095374524593,
  "recall": 1.0
}