{
  "algorithm": "hnsw",
  "parameters": {
    "metric": "l2",
    "indexer": {
      "name": "HNSWIndexer",
      "type": "HNSWIndexer",
      "metric": "l2",
      "params": {
        "M": 16,
        "efConstruction": 200,
        "efSearch": 100
      }
    },
    "searcher": {
      "name": "FaissSearcher",
      "type": "FaissSearcher",
      "metric": "l2",
      "params": {
        "nprobe": 10
      }
    }
  },
  "dataset": "glove50",
  "n_train": 20000,
  "n_test": 256,
  "dimensions": 50,
  "topk": 20,
  "build_time_s": 0.4632601737976074,
  "index_memory_mb": 6.256103515625,
  "qps": 89627.86510851419,
  "mean_query_time_ms": 0.011157244443893433,
  "total_query_time_s": 0.0028562545776367188,
  "timestamp": "2025-12-04T09:58:57.365758",
  "recall@1": 0.98046875,
  "precision@1": 1.0,
  "recall@10": 0.970703125,
  "precision@10": 1.0,
  "map@10": 0.05000000000000001,
  "mean_query_time": 0.011157244443893433,
  "median_query_time": 0.011157244443893433,
  "min_query_time": 0.011010095477104187,
  "max_query_time": 0.011304393410682678,
  "recall": 0.970703125
}