{
  "algorithm": "covertree",
  "parameters": {
    "metric": "l2",
    "candidate_pool_size": 512,
    "max_visit_nodes": 8192,
    "visit_multiplier": 16
  },
  "dataset": "glove50",
  "n_train": 20000,
  "n_test": 256,
  "dimensions": 50,
  "topk": 20,
  "build_time_s": 875.0646140575409,
  "index_memory_mb": 3.814697265625,
  "qps": 17.651190423429266,
  "mean_query_time_ms": 56.653402745723724,
  "total_query_time_s": 14.503271102905273,
  "timestamp": "2025-11-08T09:51:40.411032",
  "recall@1": 0.6640625,
  "precision@1": 0.96484375,
  "recall@10": 0.302734375,
  "precision@10": 0.693359375,
  "map@10": 0.03466796875,
  "mean_query_time": 56.653402745723724,
  "median_query_time": 56.653402745723724,
  "min_query_time": 56.50028772652149,
  "max_query_time": 56.80651776492596,
  "recall": 0.302734375
}