{
  "algorithm": "hnsw",
  "parameters": {
    "metric": "l2",
    "indexer": {
      "name": "HNSWIndexer",
      "type": "HNSWIndexer",
      "metric": "l2",
      "params": {
        "M": 16,
        "efConstruction": 200,
        "efSearch": 100
      }
    },
    "searcher": {
      "name": "FaissSearcher",
      "type": "FaissSearcher",
      "metric": "l2",
      "params": {
        "nprobe": 10
      }
    }
  },
  "dataset": "glove50",
  "n_train": 20000,
  "n_test": 256,
  "dimensions": 50,
  "topk": 20,
  "build_time_s": 0.16152334213256836,
  "index_memory_mb": 3.814697265625,
  "qps": 214963.32812812814,
  "mean_query_time_ms": 0.004651956260204315,
  "total_query_time_s": 0.0011909008026123047,
  "timestamp": "2025-11-08T09:36:25.671168",
  "recall@1": 0.98046875,
  "precision@1": 1.0,
  "recall@10": 0.9753906250000001,
  "precision@10": 1.0,
  "map@10": 0.05000000000000001,
  "mean_query_time": 0.004651956260204315,
  "median_query_time": 0.004651956260204315,
  "min_query_time": 0.004429370164871216,
  "max_query_time": 0.0048745423555374146,
  "recall": 0.9753906250000001
}