{
  "algorithm": "covertree",
  "parameters": {
    "metric": "l2",
    "candidate_pool_size": 256,
    "max_visit_nodes": 4096,
    "visit_multiplier": 16
  },
  "dataset": "random",
  "n_train": 5000,
  "n_test": 256,
  "dimensions": 64,
  "topk": 20,
  "build_time_s": 82.10587668418884,
  "index_memory_mb": 1.220703125,
  "qps": 49.16242496062741,
  "mean_query_time_ms": 20.340737886726856,
  "total_query_time_s": 5.207228899002075,
  "timestamp": "2025-11-07T16:54:07.382199",
  "recall@1": 0.46875,
  "precision@1": 1.0,
  "recall@10": 0.49101562500000007,
  "precision@10": 1.0,
  "map@10": 0.05000000000000001,
  "mean_query_time": 20.340737886726856,
  "median_query_time": 20.340737886726856,
  "min_query_time": 20.340737886726856,
  "max_query_time": 20.340737886726856,
  "recall": 0.49101562500000007
}