{
  "algorithm": "covertree_v2",
  "parameters": {
    "metric": "l2"
  },
  "dataset": "glove50",
  "n_train": 20000,
  "n_test": 256,
  "dimensions": 50,
  "topk": 20,
  "build_time_s": 861.8686203956604,
  "index_memory_mb": 4.4251708984375,
  "qps": 12.537420898780482,
  "mean_query_time_ms": 79.76122107356787,
  "total_query_time_s": 20.418872594833374,
  "timestamp": "2025-12-04T16:44:02.987156",
  "recall@1": 1.0,
  "precision@1": 1.0,
  "recall@10": 1.0,
  "precision@10": 1.0,
  "map@10": 0.05000000000000001,
  "mean_query_time": 79.76122107356787,
  "median_query_time": 79.76122107356787,
  "min_query_time": 79.7159094363451,
  "max_query_time": 79.80653271079063,
  "recall": 1.0
}