{
  "algorithm": "faiss_lsh",
  "parameters": {
    "metric": "l2",
    "indexer": {
      "name": "FaissLSHIndexer",
      "type": "FaissLSHIndexer",
      "metric": "l2",
      "params": {
        "num_bits": 256
      }
    },
    "searcher": {
      "name": "FaissSearcher",
      "type": "FaissSearcher",
      "metric": "l2",
      "params": {
        "nprobe": 10,
        "lsh_candidate_multiplier": 64.0
      }
    }
  },
  "dataset": "glove50",
  "n_train": 20000,
  "n_test": 256,
  "dimensions": 50,
  "topk": 20,
  "build_time_s": 0.036597490310668945,
  "index_memory_mb": 0.6103515625,
  "qps": 1708.737862100025,
  "mean_query_time_ms": 0.5852272734045982,
  "total_query_time_s": 0.14981818199157715,
  "timestamp": "2025-12-04T16:14:36.064513",
  "recall@1": 1.0,
  "precision@1": 1.0,
  "recall@10": 0.998046875,
  "precision@10": 1.0,
  "map@10": 0.05000000000000001,
  "mean_query_time": 0.5852272734045982,
  "median_query_time": 0.5852272734045982,
  "min_query_time": 0.5822554230690002,
  "max_query_time": 0.5881991237401962,
  "recall": 0.998046875
}