{
  "algorithm": "covertree_v2_2",
  "parameters": {
    "metric": "l2"
  },
  "dataset": "random",
  "n_train": 20000,
  "n_test": 256,
  "dimensions": 64,
  "topk": 20,
  "build_time_s": 346.34132075309753,
  "index_memory_mb": 5.4932861328125,
  "qps": 35.56298729115715,
  "mean_query_time_ms": 28.119122609496117,
  "total_query_time_s": 7.198495388031006,
  "index_load_time_s": 0.0,
  "index_source": "built",
  "persistence_mode": null,
  "persist_dir": null,
  "dataset_fingerprint": null,
  "config_hash": null,
  "timestamp": "2026-03-02T08:14:19.489877",
  "recall@1": 1.0,
  "precision@1": 1.0,
  "recall@10": 1.0,
  "precision@10": 1.0,
  "map@10": 0.05000000000000001,
  "mean_query_time": 28.119122609496117,
  "median_query_time": 28.119122609496117,
  "min_query_time": 28.086520731449127,
  "max_query_time": 28.151724487543106,
  "recall": 1.0
}