{
  "algorithm": "hnsw",
  "parameters": {
    "metric": "l2",
    "indexer": {
      "name": "HNSWIndexer",
      "type": "HNSWIndexer",
      "metric": "l2",
      "params": {
        "M": 16,
        "efConstruction": 200,
        "efSearch": 100
      }
    },
    "searcher": {
      "name": "FaissSearcher",
      "type": "FaissSearcher",
      "metric": "l2",
      "params": {
        "nprobe": 10
      }
    }
  },
  "dataset": "random",
  "n_train": 20000,
  "n_test": 256,
  "dimensions": 64,
  "topk": 20,
  "build_time_s": 0.2740345001220703,
  "index_memory_mb": 7.32421875,
  "qps": 39446.79735488611,
  "mean_query_time_ms": 0.025350600481033325,
  "total_query_time_s": 0.006489753723144531,
  "index_load_time_s": 0.0,
  "index_source": "built",
  "persistence_mode": null,
  "persist_dir": null,
  "dataset_fingerprint": null,
  "config_hash": null,
  "timestamp": "2026-03-02T08:07:59.963783",
  "recall@1": 0.94140625,
  "precision@1": 1.0,
  "recall@10": 0.9140625000000001,
  "precision@10": 1.0,
  "map@10": 0.05000000000000001,
  "mean_query_time": 0.025350600481033325,
  "median_query_time": 0.025350600481033325,
  "min_query_time": 0.006487593054771423,
  "max_query_time": 0.04421360790729523,
  "recall": 0.9140625000000001
}