{
  "algorithm": "lsh",
  "parameters": {
    "metric": "l2",
    "indexer": {
      "name": "LSHIndexer",
      "type": "LSHIndexer",
      "metric": "l2",
      "params": {
        "num_tables": 12,
        "hash_size": 4,
        "bucket_width": 20.0,
        "seed": 42
      }
    },
    "searcher": {
      "name": "LSHSearcher",
      "type": "LSHSearcher",
      "metric": "l2",
      "params": {
        "candidate_multiplier": 64.0,
        "max_candidates": null,
        "fallback_to_bruteforce": false
      }
    }
  },
  "dataset": "random",
  "n_train": 20000,
  "n_test": 256,
  "dimensions": 64,
  "topk": 20,
  "build_time_s": 0.32656359672546387,
  "index_memory_mb": 7.887748718261719,
  "qps": 177.35050027674322,
  "mean_query_time_ms": 5.638551898300648,
  "total_query_time_s": 1.4434692859649658,
  "index_load_time_s": 0.0,
  "index_source": "built",
  "persistence_mode": null,
  "persist_dir": null,
  "dataset_fingerprint": null,
  "config_hash": null,
  "timestamp": "2026-03-02T08:14:21.260492",
  "recall@1": 0.34765625,
  "precision@1": 1.0,
  "recall@10": 0.31914062499999996,
  "precision@10": 1.0,
  "map@10": 0.05000000000000001,
  "mean_query_time": 5.638551898300648,
  "median_query_time": 5.638551898300648,
  "min_query_time": 5.450623109936714,
  "max_query_time": 5.826480686664581,
  "recall": 0.31914062499999996
}