{
  "algorithm": "covertree_v2",
  "parameters": {
    "metric": "l2"
  },
  "dataset": "glove50",
  "n_train": 20000,
  "n_test": 256,
  "dimensions": 50,
  "topk": 20,
  "build_time_s": 861.6906402111053,
  "index_memory_mb": 4.4251708984375,
  "qps": 11.496483815809412,
  "mean_query_time_ms": 86.98311727494001,
  "total_query_time_s": 22.267678022384644,
  "timestamp": "2025-12-02T19:37:37.164764",
  "recall@1": 1.0,
  "precision@1": 1.0,
  "recall@10": 1.0,
  "precision@10": 1.0,
  "map@10": 0.05000000000000001,
  "mean_query_time": 86.98311727494001,
  "median_query_time": 86.98311727494001,
  "min_query_time": 86.89853735268116,
  "max_query_time": 87.06769719719887,
  "recall": 1.0
}