{
  "algorithm": "hnsw",
  "parameters": {
    "metric": "l2",
    "indexer": {
      "name": "HNSWIndexer",
      "type": "HNSWIndexer",
      "metric": "l2",
      "params": {
        "M": 16,
        "efConstruction": 200,
        "efSearch": 100
      }
    },
    "searcher": {
      "name": "FaissSearcher",
      "type": "FaissSearcher",
      "metric": "l2",
      "params": {
        "nprobe": 10
      }
    }
  },
  "dataset": "glove50",
  "n_train": 20000,
  "n_test": 256,
  "dimensions": 50,
  "topk": 20,
  "build_time_s": 0.24878954887390137,
  "index_memory_mb": 6.256103515625,
  "qps": 159120.00948429163,
  "mean_query_time_ms": 0.006284564733505249,
  "total_query_time_s": 0.0016088485717773438,
  "timestamp": "2025-12-02T19:07:30.712357",
  "recall@1": 0.98046875,
  "precision@1": 1.0,
  "recall@10": 0.97578125,
  "precision@10": 1.0,
  "map@10": 0.05000000000000001,
  "mean_query_time": 0.006284564733505249,
  "median_query_time": 0.006284564733505249,
  "min_query_time": 0.006139278411865234,
  "max_query_time": 0.006429851055145264,
  "recall": 0.97578125
}