{
  "algorithm": "lsh",
  "parameters": {
    "metric": "l2",
    "indexer": {
      "name": "LSHIndexer",
      "type": "LSHIndexer",
      "metric": "l2",
      "params": {
        "num_tables": 12,
        "hash_size": 4,
        "bucket_width": 20.0,
        "seed": 42
      }
    },
    "searcher": {
      "name": "LSHSearcher",
      "type": "LSHSearcher",
      "metric": "l2",
      "params": {
        "candidate_multiplier": 64.0,
        "max_candidates": null,
        "fallback_to_bruteforce": false
      }
    }
  },
  "dataset": "glove50",
  "n_train": 20000,
  "n_test": 256,
  "dimensions": 50,
  "topk": 20,
  "build_time_s": 0.381162166595459,
  "index_memory_mb": 6.7177276611328125,
  "qps": 87.21375488553042,
  "mean_query_time_ms": 11.466081254184246,
  "total_query_time_s": 2.935316801071167,
  "timestamp": "2025-12-02T19:37:40.481489",
  "recall@1": 0.61328125,
  "precision@1": 1.0,
  "recall@10": 0.5074218749999999,
  "precision@10": 1.0,
  "map@10": 0.05000000000000001,
  "mean_query_time": 11.466081254184246,
  "median_query_time": 11.466081254184246,
  "min_query_time": 9.764110669493675,
  "max_query_time": 13.168051838874817,
  "recall": 0.5074218749999999
}