{
  "algorithm": "covertree",
  "parameters": {
    "metric": "l2",
    "candidate_pool_size": 256,
    "max_visit_nodes": 4096,
    "visit_multiplier": 16,
    "candidate_limits_enabled": false
  },
  "dataset": "random",
  "n_train": 20000,
  "n_test": 256,
  "dimensions": 64,
  "topk": 20,
  "build_time_s": 1193.9457433223724,
  "index_memory_mb": 5.4932861328125,
  "qps": 8.082081240999232,
  "mean_query_time_ms": 123.73050581663847,
  "total_query_time_s": 31.67500948905945,
  "timestamp": "2025-12-02T18:47:08.416774",
  "recall@1": 1.0,
  "precision@1": 1.0,
  "recall@10": 1.0,
  "precision@10": 1.0,
  "map@10": 0.05000000000000001,
  "mean_query_time": 123.73050581663847,
  "median_query_time": 123.73050581663847,
  "min_query_time": 123.66343475878239,
  "max_query_time": 123.79757687449455,
  "recall": 1.0
}