{
  "algorithm": "hnsw",
  "parameters": {
    "metric": "l2",
    "indexer": {
      "name": "HNSWIndexer",
      "type": "HNSWIndexer",
      "metric": "l2",
      "params": {
        "M": 16,
        "efConstruction": 200,
        "efSearch": 100
      }
    },
    "searcher": {
      "name": "FaissSearcher",
      "type": "FaissSearcher",
      "metric": "l2",
      "params": {
        "nprobe": 10
      }
    }
  },
  "dataset": "random",
  "n_train": 20000,
  "n_test": 256,
  "dimensions": 64,
  "topk": 20,
  "build_time_s": 0.5945158004760742,
  "index_memory_mb": 7.32421875,
  "qps": 18268.371852456785,
  "mean_query_time_ms": 0.054739415645599365,
  "total_query_time_s": 0.014013290405273438,
  "timestamp": "2025-12-02T18:26:08.894746",
  "recall@1": 0.953125,
  "precision@1": 1.0,
  "recall@10": 0.9207031250000002,
  "precision@10": 1.0,
  "map@10": 0.05000000000000001,
  "mean_query_time": 0.054739415645599365,
  "median_query_time": 0.054739415645599365,
  "min_query_time": 0.008599832653999329,
  "max_query_time": 0.1008789986371994,
  "recall": 0.9207031250000002
}