{
  "algorithm": "covertree",
  "parameters": {
    "metric": "l2",
    "candidate_pool_size": 512,
    "max_visit_nodes": 8192,
    "visit_multiplier": 16
  },
  "dataset": "glove50",
  "n_train": 20000,
  "n_test": 256,
  "dimensions": 50,
  "topk": 20,
  "build_time_s": 862.702511548996,
  "index_memory_mb": 3.814697265625,
  "qps": 18.609756203664713,
  "mean_query_time_ms": 53.735255263745785,
  "total_query_time_s": 13.756225347518921,
  "timestamp": "2025-11-13T09:12:06.399470",
  "recall@1": 0.6640625,
  "precision@1": 0.96484375,
  "recall@10": 0.302734375,
  "precision@10": 0.693359375,
  "map@10": 0.03466796875,
  "mean_query_time": 53.735255263745785,
  "median_query_time": 53.735255263745785,
  "min_query_time": 53.63541841506958,
  "max_query_time": 53.83509211242199,
  "recall": 0.302734375
}