{
  "algorithm": "hnsw",
  "parameters": {
    "metric": "l2",
    "indexer": {
      "name": "HNSWIndexer",
      "type": "HNSWIndexer",
      "metric": "l2",
      "params": {
        "M": 16,
        "efConstruction": 200,
        "efSearch": 100
      }
    },
    "searcher": {
      "name": "FaissSearcher",
      "type": "FaissSearcher",
      "metric": "l2",
      "params": {
        "nprobe": 10
      }
    }
  },
  "dataset": "glove50",
  "n_train": 20000,
  "n_test": 256,
  "dimensions": 50,
  "topk": 20,
  "build_time_s": 0.1307520866394043,
  "index_memory_mb": 3.814697265625,
  "qps": 244643.84233310548,
  "mean_query_time_ms": 0.004087574779987335,
  "total_query_time_s": 0.0010464191436767578,
  "timestamp": "2025-11-13T08:57:07.042957",
  "recall@1": 0.9765625,
  "precision@1": 1.0,
  "recall@10": 0.9769531250000001,
  "precision@10": 1.0,
  "map@10": 0.05000000000000001,
  "mean_query_time": 0.004087574779987335,
  "median_query_time": 0.004087574779987335,
  "min_query_time": 0.003995373845100403,
  "max_query_time": 0.004179775714874268,
  "recall": 0.9769531250000001
}