{
  "algorithm": "lsh",
  "parameters": {
    "metric": "l2",
    "indexer": {
      "name": "LSHIndexer",
      "type": "LSHIndexer",
      "metric": "l2",
      "params": {
        "num_tables": 12,
        "hash_size": 18,
        "bucket_width": 4.0,
        "seed": 42
      }
    },
    "searcher": {
      "name": "LSHSearcher",
      "type": "LSHSearcher",
      "metric": "l2",
      "params": {
        "candidate_multiplier": 8.0,
        "max_candidates": null,
        "fallback_to_bruteforce": true
      }
    }
  },
  "dataset": "glove50",
  "n_train": 20000,
  "n_test": 256,
  "dimensions": 50,
  "topk": 20,
  "build_time_s": 0.5082294940948486,
  "index_memory_mb": 3.814697265625,
  "qps": 277.90615021669726,
  "mean_query_time_ms": 3.598337061703205,
  "total_query_time_s": 0.9211742877960205,
  "timestamp": "2025-11-13T09:12:07.828975",
  "recall@1": 1.0,
  "precision@1": 1.0,
  "recall@10": 0.99296875,
  "precision@10": 0.99296875,
  "map@10": 0.0496484375,
  "mean_query_time": 3.598337061703205,
  "median_query_time": 3.598337061703205,
  "min_query_time": 3.565065562725067,
  "max_query_time": 3.631608560681343,
  "recall": 0.99296875
}