{
  "hnsw": {
    "algorithm": "hnsw",
    "parameters": {
      "metric": "l2",
      "indexer": {
        "name": "HNSWIndexer",
        "type": "HNSWIndexer",
        "metric": "l2",
        "params": {
          "M": 16,
          "efConstruction": 200,
          "efSearch": 100
        }
      },
      "searcher": {
        "name": "FaissSearcher",
        "type": "FaissSearcher",
        "metric": "l2",
        "params": {
          "nprobe": 10,
          "lsh_candidate_multiplier": 64.0
        }
      }
    },
    "dataset": "glove50",
    "n_train": 20000,
    "n_test": 256,
    "dimensions": 50,
    "topk": 20,
    "build_time_s": 4.895440340042114,
    "index_memory_mb": 6.256103515625,
    "qps": 366.09319550735876,
    "mean_query_time_ms": 2.7315448969602585,
    "total_query_time_s": 0.6992754936218262,
    "timestamp": "2026-02-20T14:50:57.321402",
    "operation_counts": {
      "ndis": 397112.0,
      "hnsw_n1": 256.0,
      "hnsw_n2": 256.0
    },
    "distance_computations": 397112.0,
    "operations_per_query": 1551.21875,
    "recall@1": 0.97265625,
    "precision@1": 1.0,
    "recall@10": 0.973828125,
    "precision@10": 1.0,
    "map@10": 0.05000000000000001,
    "mean_query_time": 2.7315448969602585,
    "median_query_time": 2.7315448969602585,
    "min_query_time": 2.3003052920103073,
    "max_query_time": 3.1627845019102097,
    "recall": 0.973828125
  }
}