{
  "algorithm": "covertree_v2_2",
  "parameters": {
    "metric": "l2"
  },
  "dataset": "glove50",
  "n_train": 20000,
  "n_test": 256,
  "dimensions": 50,
  "topk": 20,
  "build_time_s": 217.9712495803833,
  "index_memory_mb": 4.4251708984375,
  "qps": 47.412589682782965,
  "mean_query_time_ms": 21.091444417834282,
  "total_query_time_s": 5.399409770965576,
  "index_load_time_s": 0.0,
  "index_source": "built",
  "persistence_mode": null,
  "persist_dir": null,
  "dataset_fingerprint": null,
  "config_hash": null,
  "timestamp": "2026-03-19T10:34:53.118026",
  "base_algorithm": "covertree_v2_2",
  "tradeoff_variant_id": "base",
  "tradeoff_params": {},
  "is_tradeoff_variant": false,
  "recall@1": 1.0,
  "precision@1": 1.0,
  "recall@10": 1.0,
  "precision@10": 1.0,
  "map@10": 0.05000000000000001,
  "mean_query_time": 21.091444417834282,
  "median_query_time": 21.091444417834282,
  "min_query_time": 20.42444422841072,
  "max_query_time": 21.758444607257843,
  "recall": 1.0
}