{
  "algorithm": "covertree_v2",
  "parameters": {
    "metric": "l2"
  },
  "dataset": "random",
  "n_train": 20000,
  "n_test": 256,
  "dimensions": 64,
  "topk": 20,
  "build_time_s": 1214.3721287250519,
  "index_memory_mb": 5.4932861328125,
  "qps": 11.690077109370037,
  "mean_query_time_ms": 85.5426350608468,
  "total_query_time_s": 21.898914575576782,
  "timestamp": "2025-12-04T09:58:53.658839",
  "recall@1": 1.0,
  "precision@1": 1.0,
  "recall@10": 1.0,
  "precision@10": 1.0,
  "map@10": 0.05000000000000001,
  "mean_query_time": 85.5426350608468,
  "median_query_time": 85.5426350608468,
  "min_query_time": 85.4825209826231,
  "max_query_time": 85.60274913907051,
  "recall": 1.0
}